131, 0, 0.0114476, 0.0, 0.0131576
 131, 0, 0.0086884, 0.0, 0.0099717
 131, 0, 0.0189824, 0.0, 0.0207399
 131, 0, 0.0105816, 0.0, 0.0111258
 131, 0, 0.0016496000000000002, 0.0, 0.0021808
 131, 0, 0.0016949, 0.0, 0.0021899
 131, 0, 0.0015997000000000001, 0.0, 0.0021067
 131, 0, 0.0020589000000000002, 0.0, 0.0025469
 131, 0, 0.0013964000000000001, 0.0, 0.0018315
 131, 0, 0.0014227, 0.0, 0.0019465
 131, 0, 8.116000000000001E-4, 0.0, 0.0012968
 131, 0, 7.213E-4, 0.0, 0.0012102
 131, 0, 0.0014567, 0.0, 0.0021794
 131, 0, 0.0016446000000000002, 0.0, 0.0026405
 131, 0, 0.0034711000000000004, 0.0, 0.0044342
 131, 0, 0.0015177, 0.0, 0.0023318
 131, 0, 0.0017383000000000001, 0.0, 0.0025058
 131, 0, 0.0015382000000000002, 0.0, 0.0025167
 131, 0, 0.0016013000000000002, 0.0, 0.0027111
 131, 0, 0.0030774, 0.0, 0.0037856
 131, 0, 0.0016475, 0.0, 0.0023731
 131, 0, 0.0014054, 0.0, 0.002179
 131, 12, 0.0084854, 0.032956900000000004, 0.0450968
 131, 12, 0.0015897, 0.0086046, 0.0106517
 131, 12, 0.0014332000000000001, 0.005848000000000001, 0.0077654
 131, 12, 0.0016681, 0.0076877000000000004, 0.0099102
 131, 12, 0.0019319, 0.0083472, 0.0109088
 131, 12, 0.0069467, 0.006761100000000001, 0.0153456
 131, 12, 0.004830500000000001, 0.004871100000000001, 0.010792
 131, 12, 0.0026783, 0.004649100000000001, 0.026519
 131, 12, 0.0021876, 0.0043170000000000005, 0.007586
 131, 36, 0.003627, 0.014195500000000002, 0.0196843
 131, 36, 0.0023674, 0.0119602, 0.0155359
 131, 36, 0.0024787000000000003, 0.0077778000000000005, 0.0115444
 131, 36, 0.0022140000000000003, 0.009753300000000001, 0.0136509
 131, 36, 0.0023623000000000003, 0.013339400000000001, 0.0174282
 131, 36, 0.0017314000000000001, 0.0118741, 0.0147363
 131, 36, 0.0016682, 0.0076154000000000005, 0.0103666
 131, 60, 0.0019836000000000003, 0.010454600000000001, 0.0135631
 131, 60, 0.0019304, 0.011260800000000001, 0.0143466
 131, 60, 0.0019207, 0.0114692, 0.0142475
 131, 60, 0.0013532000000000001, 0.0083973, 0.0105806
 131, 60, 0.001386, 0.0102815, 0.0125256
 131, 60, 0.0011755000000000001, 0.007504, 0.0095412
 131, 84, 0.0014274000000000001, 0.0108623, 0.0134372
 131, 84, 0.0013923000000000002, 0.0103896, 0.0125648
 131, 84, 0.0018169000000000002, 0.0162058, 0.0191443
 131, 84, 0.0010241, 0.0098034, 0.0115113
 131, 84, 0.001242, 0.010142700000000001, 0.0123433
 131, 84, 0.0012678000000000001, 0.0093757, 0.0113796
 131, 108, 0.0013726, 0.0119615, 0.0142399
 131, 108, 0.0014151, 0.012002500000000001, 0.0142841
 131, 108, 0.0014512000000000001, 0.012760700000000002, 0.0150428
 131, 108, 0.0016061, 0.014428900000000001, 0.0168391
 131, 108, 0.0014290000000000001, 0.013341800000000001, 0.0155646
 131, 132, 0.0015255000000000002, 0.0162209, 0.0188197
 131, 132, 0.0021724, 0.0156921, 0.0188797
 131, 132, 0.0020057, 0.021287300000000002, 0.024514
 131, 132, 0.0044478, 0.0458386, 0.0525354
 131, 132, 0.0042213, 0.0435026, 0.0500702
 131, 156, 0.002846, 0.021187300000000003, 0.0250782
 131, 156, 0.0017011, 0.017615000000000002, 0.0201764
 131, 156, 0.0017127000000000002, 0.020575100000000002, 0.0239466
 131, 156, 0.0018195000000000002, 0.019808000000000003, 0.0226403
 131, 180, 0.0017552000000000002, 0.0232912, 0.0270104
 131, 180, 0.0015141, 0.0219367, 0.0245453
 131, 180, 0.0013832, 0.0244596, 0.0268253
 131, 180, 0.0016988, 0.0286804, 0.0317597
 131, 204, 0.0024983, 0.041494, 0.0463145
 131, 204, 0.0026054000000000003, 0.0317314, 0.0356151
 131, 204, 0.001449, 0.0232126, 0.0257632
 131, 204, 0.0022979000000000003, 0.025195500000000003, 0.0286931
 131, 228, 0.0016411000000000002, 0.0271073, 0.0300221
 131, 228, 0.0014497000000000002, 0.025634200000000003, 0.0284128
 131, 228, 0.0015525, 0.0282273, 0.0309318
 131, 228, 0.0023351, 0.027479000000000003, 0.0311343
 131, 252, 0.0023636, 0.041483700000000005, 0.0457563
 131, 252, 0.0026212, 0.034133000000000004, 0.0382171
 131, 252, 0.0017361000000000002, 0.030853400000000003, 0.0337266
 131, 276, 0.0016263, 0.0337125, 0.0365749
 131, 276, 0.0015098000000000002, 0.035316900000000005, 0.0380432
 131, 276, 0.0015641000000000001, 0.0359114, 0.0388952
 131, 300, 0.0016261000000000001, 0.0371963, 0.0401507
 131, 300, 0.0018945000000000001, 0.036960400000000004, 0.0401255
 131, 300, 0.002782, 0.0418286, 0.046024
 131, 324, 0.0016941, 0.040898000000000004, 0.0439167
 131, 324, 0.0020069000000000003, 0.0412869, 0.0446183
 131, 324, 0.0016395000000000001, 0.041525200000000005, 0.0445109
 131, 348, 0.0020728, 0.061826700000000005, 0.0657866
 131, 348, 0.0027422, 0.0556043, 0.0598157
 131, 348, 0.0017617000000000002, 0.043675900000000004, 0.046883
 131, 372, 0.0018863, 0.0543201, 0.0577859
 131, 372, 0.0019095000000000002, 0.0521748, 0.0559118
 131, 372, 0.0029255, 0.0838354, 0.0890876
 131, 396, 0.0024715, 0.0704462, 0.0748375
 131, 396, 0.0011653, 0.051424000000000004, 0.0539625
 131, 396, 0.0010369, 0.055498000000000006, 0.0578191
 131, 420, 0.0017430000000000002, 0.07367520000000001, 0.0787884
 131, 420, 0.0010659, 0.0563904, 0.0587032
 131, 420, 9.865E-4, 0.056592300000000005, 0.0589177
 131, 444, 0.0010218, 0.060011300000000004, 0.0631795
 131, 444, 0.0011858, 0.06342790000000001, 0.0660522
 131, 444, 0.0016484000000000002, 0.09063750000000001, 0.0942391
 131, 468, 0.0016748000000000002, 0.0785121, 0.0820558
 131, 468, 0.001196, 0.0663184, 0.0690283
 131, 468, 0.0014295, 0.07965480000000001, 0.0829997
 131, 468, 0.0012044, 0.06126670000000001, 0.0637156
 131, 468, 0.0010513, 0.0593549, 0.0616777
 131, 468, 0.0010512, 0.0602031, 0.0625265
 131, 468, 0.0011903, 0.0657455, 0.0684371
 131, 468, 0.0012419, 0.0609765, 0.0634188
 131, 468, 0.0012715, 0.0628823, 0.0653446
 131, 468, 0.0012047000000000002, 0.0634063, 0.0659962
 131, 468, 0.0016744000000000002, 0.08884270000000001, 0.0917288
 131, 468, 0.0011415000000000002, 0.0596835, 0.0619766
 131, 468, 0.0017526000000000002, 0.0951797, 0.0985435
 131, 468, 0.0017790000000000002, 0.08640310000000001, 0.0895003
 131, 468, 0.0010836, 0.060553100000000006, 0.0628298
 131, 468, 0.001124, 0.0791, 0.0820153
 131, 468, 0.0010803, 0.062403200000000006, 0.0647411
 131, 468, 0.00143, 0.1019288, 0.1045866
 131, 468, 0.0013214000000000001, 0.0867948, 0.0906452
 131, 468, 0.0019820000000000003, 0.0759477, 0.0793645
 131, 468, 0.0012869000000000001, 0.06580910000000001, 0.0686043
 131, 468, 0.002442, 0.0911774, 0.0951995
 131, 468, 0.0018514, 0.1329728, 0.1373655
 131, 468, 0.0024258, 0.1075176, 0.1111465
 131, 468, 0.0010241, 0.058854100000000006, 0.0610745
 131, 468, 0.0018335, 0.08325170000000001, 0.0862855
 131, 468, 0.0011428, 0.062214200000000004, 0.0644688
 131, 468, 0.00176, 0.0627726, 0.065716
 131, 468, 0.0011738, 0.0611852, 0.0634726
 131, 468, 0.0011466, 0.060332500000000004, 0.062583
 131, 468, 0.0010996, 0.06281310000000001, 0.0650141
 131, 468, 0.0010563, 0.060537, 0.0627868
 131, 468, 0.0010961, 0.06339310000000001, 0.0656796
 131, 468, 0.0010867000000000001, 0.060043000000000006, 0.062304
 131, 468, 0.0012153, 0.06285160000000001, 0.0652916
 131, 468, 0.0012425000000000001, 0.06164530000000001, 0.064044
 131, 468, 0.0010722000000000001, 0.06052250000000001, 0.0627834
 131, 468, 0.0011014, 0.0686553, 0.0709857
 131, 468, 0.0010710000000000001, 0.0647524, 0.0752191
 131, 468, 0.0018577, 0.1073318, 0.1109353
 131, 468, 0.0017528, 0.0838035, 0.0866584
 131, 468, 0.0010506, 0.0588967, 0.0610015
 131, 468, 0.0012739000000000001, 0.10909490000000001, 0.112219
 131, 468, 0.0018104000000000002, 0.09856390000000001, 0.1019915
 131, 468, 0.0017996000000000002, 0.084371, 0.0872635
 131, 468, 0.0011498, 0.0593448, 0.0615802
 131, 468, 0.0014346, 0.061146000000000006, 0.0637426
 131, 468, 0.0011781, 0.0836559, 0.0865349
 131, 468, 0.0019091000000000002, 0.088038, 0.0910389
 131, 468, 0.0011935000000000001, 0.0924408, 0.0950132
 131, 468, 0.0021199, 0.0827649, 0.0862655
 124, 468, 0.0023858, 0.09770290000000001, 0.1056705
 121, 454, 0.0082228, 0.1648983, 0.1813461
 96, 448, 0.0019673, 0.1920521, 0.2063636
 96, 376, 0.0025434000000000003, 0.0559517, 0.0603157
 96, 376, 0.0021379000000000003, 0.0631223, 0.0673542
 96, 376, 0.0024054000000000002, 0.0743249, 0.0794479
 96, 376, 0.0035234000000000003, 0.0807325, 0.0866895
 96, 376, 0.0016405, 0.051687500000000004, 0.0617766
 96, 376, 0.0015153, 0.047519000000000006, 0.0512194
 95, 376, 0.0024913, 0.050323200000000005, 0.0547122
 95, 374, 0.0017070000000000002, 0.0488904, 0.052398
 95, 374, 0.0015724, 0.0558719, 0.0590013
 95, 374, 0.001087, 0.048124600000000003, 0.0506399
 94, 374, 0.0010609, 0.0505463, 0.053587
 92, 372, 0.0010544, 0.0597989, 0.0633838
 87, 368, 0.0010486, 0.054598400000000005, 0.0611652
 87, 358, 0.0016704, 0.055354400000000005, 0.0589165
 87, 358, 0.0011094, 0.0512823, 0.0542219
 87, 358, 0.0011528, 0.0533213, 0.0559477
 86, 358, 9.431000000000001E-4, 0.0562254, 0.0597849
 85, 356, 0.0020426000000000003, 0.0691123, 0.0728173
 85, 354, 0.0016314, 0.06388400000000001, 0.0671301
 85, 354, 0.0014841000000000001, 0.055648300000000005, 0.0594242
 85, 354, 0.0010843, 0.0630415, 0.0661837
 85, 354, 0.0017212000000000002, 0.061724400000000006, 0.0656055
 85, 354, 0.0016098000000000002, 0.060147400000000004, 0.0636346
 85, 354, 0.0010715, 0.053095800000000005, 0.0558975
 85, 354, 0.0015176, 0.0688474, 0.0727889
 85, 354, 0.0015288, 0.0549615, 0.0590469
 85, 354, 0.0015241, 0.0573028, 0.0601286
 85, 354, 0.0010727, 0.050163700000000006, 0.0526005
 85, 354, 0.0014534, 0.056188800000000004, 0.0596171
 85, 354, 0.0013612000000000001, 0.05636480000000001, 0.0591215
 85, 354, 0.0014886, 0.06826310000000001, 0.0714158
 85, 354, 0.0015971000000000002, 0.107133, 0.1113444
 85, 354, 0.0022707, 0.1206002, 0.125334
 85, 354, 0.0022116, 0.10963110000000001, 0.1136146
 85, 354, 0.0016863000000000002, 0.07491990000000001, 0.0777903
 85, 354, 9.771E-4, 0.049459600000000006, 0.0515856
 85, 354, 0.0010227, 0.0457399, 0.0479372
 85, 354, 0.0016677, 0.044057900000000004, 0.0469254
 85, 354, 0.0012485, 0.05237120000000001, 0.0550567
 85, 354, 0.0018849000000000001, 0.057978100000000005, 0.0612952
 85, 354, 0.0017646, 0.0780719, 0.0817001
 85, 354, 0.0015354000000000001, 0.06738330000000001, 0.0702072
 85, 354, 0.0014645, 0.0719415, 0.0753236
 85, 354, 0.0015995, 0.06737800000000001, 0.070186
 85, 354, 0.0010378, 0.044983, 0.0470918
 85, 354, 0.0010037000000000002, 0.050961700000000006, 0.0532532
 85, 354, 0.0015254, 0.0636747, 0.0664748
 84, 354, 0.0018932, 0.0558294, 0.0590153
 84, 352, 0.0013475000000000002, 0.0647048, 0.0673013
 84, 352, 0.0010203, 0.049468700000000004, 0.0516768
 84, 352, 0.0013453, 0.0502999, 0.0529401
 84, 352, 9.494000000000001E-4, 0.0520774, 0.0542349
 84, 352, 0.0027456000000000004, 0.0609675, 0.0651281
 83, 352, 8.943000000000001E-4, 0.0441575, 0.0465094
 82, 340, 8.234000000000001E-4, 0.0469528, 0.0498492
 82, 336, 0.001379, 0.06877570000000001, 0.0720491
 81, 336, 0.0010274000000000001, 0.0434413, 0.0458631
 81, 334, 8.100000000000001E-4, 0.041069100000000004, 0.0430127
 80, 334, 0.0012141, 0.06311800000000001, 0.0661547
 79, 332, 0.0014862, 0.0665184, 0.0693352
 79, 330, 9.350000000000001E-4, 0.05516310000000001, 0.0575694
 78, 330, 0.0013056, 0.06784960000000001, 0.0711109
 76, 326, 0.0013196, 0.059053100000000004, 0.0619076
 76, 318, 0.0011773, 0.059521000000000004, 0.0620315
 72, 318, 0.001306, 0.0645845, 0.0683652
 71, 304, 0.0012399000000000002, 0.059149900000000005, 0.0629792
 71, 300, 0.0011838, 0.057415, 0.0601312
 71, 304, 0.0013005, 0.061490600000000006, 0.0654122
 72, 306, 0.0020104000000000003, 0.0527957, 0.0562407
 72, 308, 0.0012076, 0.045933, 0.0483724
 72, 308, 0.0020655, 0.043801700000000006, 0.0471255
 73, 310, 0.0018823000000000002, 0.038596000000000005, 0.0422401
 72, 306, 8.256E-4, 0.037681, 0.0400535
 72, 300, 7.755E-4, 0.0366879, 0.0385892
 72, 300, 0.0013171, 0.055889, 0.0588721
 73, 302, 9.299000000000001E-4, 0.037385100000000004, 0.0403987
 73, 304, 7.962000000000001E-4, 0.036892400000000006, 0.0388967
 72, 304, 7.898E-4, 0.041381600000000004, 0.0438992
 72, 300, 0.0012832000000000002, 0.042158900000000006, 0.0444895
 72, 300, 8.295E-4, 0.0437757, 0.0456547
 72, 302, 8.730000000000001E-4, 0.0386724, 0.0408456
 72, 304, 7.892000000000001E-4, 0.0378949, 0.0406368
 71, 296, 8.224E-4, 0.044677100000000004, 0.0470647
 70, 292, 0.0010252, 0.0556228, 0.0588356
 68, 288, 8.872000000000001E-4, 0.053569000000000006, 0.0568784
 68, 280, 0.0014474000000000002, 0.050366900000000006, 0.0532884
 68, 280, 8.144000000000001E-4, 0.0496418, 0.0516073
 68, 280, 0.0011539, 0.047843800000000006, 0.050425
 68, 280, 0.0012197, 0.045074800000000005, 0.0475604
 68, 280, 9.504E-4, 0.042745700000000005, 0.044717
 68, 280, 0.0013471000000000002, 0.047545800000000006, 0.0500133
 68, 280, 0.001317, 0.053253100000000005, 0.0556297
 68, 280, 9.180000000000001E-4, 0.0489454, 0.0512075
 68, 280, 0.0012881000000000001, 0.0566957, 0.0598061
 68, 280, 0.0087945, 0.0391465, 0.049123
 68, 280, 0.0011622000000000002, 0.053233600000000006, 0.0561178
 68, 280, 0.0013427, 0.053665500000000005, 0.0562659
 68, 280, 9.281000000000001E-4, 0.0341375, 0.0361329
 68, 280, 7.697E-4, 0.0330782, 0.0348259
 68, 280, 7.572000000000001E-4, 0.0324153, 0.0341766
 68, 280, 7.210000000000001E-4, 0.035903500000000005, 0.037647
 68, 280, 9.983000000000001E-4, 0.0439097, 0.0459785
 68, 280, 0.0012361000000000002, 0.045684300000000004, 0.0478333
 68, 280, 0.0011338000000000001, 0.0422741, 0.0442966
 67, 280, 0.0010119, 0.0388678, 0.0412213
 67, 276, 0.0010563, 0.0449388, 0.0470833
 66, 276, 0.001119, 0.0498687, 0.0526444
 66, 272, 0.0011626000000000002, 0.0500236, 0.0523884
 65, 272, 0.0012053, 0.0535402, 0.056092
 65, 270, 0.0012723, 0.047776000000000006, 0.0499984
 65, 270, 0.0011006, 0.0493144, 0.051637
 64, 270, 0.0011530000000000002, 0.0491385, 0.0518626
 63, 266, 0.0011035, 0.047853700000000006, 0.0505773
 63, 262, 0.0011949, 0.0517065, 0.0540864
 63, 262, 0.0012629000000000002, 0.047071100000000005, 0.0495383
 62, 262, 0.0012616, 0.0515836, 0.0540834
 61, 260, 0.0010177, 0.047125200000000006, 0.049682
 59, 258, 0.0012000000000000001, 0.0457055, 0.0485994
 59, 250, 0.0011122, 0.044419, 0.0467742
 59, 250, 0.0010932000000000001, 0.0464475, 0.048752
 59, 250, 0.0010801, 0.045638500000000005, 0.0479028
 59, 250, 0.0011199, 0.0448382, 0.0471134
 58, 250, 0.0015694, 0.0453693, 0.0483318
 57, 248, 0.0010751, 0.0444272, 0.0466507
 56, 246, 0.0011952, 0.046214500000000006, 0.0494193
 56, 244, 7.138E-4, 0.0287517, 0.0303387
 56, 244, 8.808E-4, 0.027435400000000002, 0.0291964
 55, 244, 7.757E-4, 0.027227400000000002, 0.0289511
 55, 242, 8.114000000000001E-4, 0.0309286, 0.0326189
 55, 242, 8.845000000000001E-4, 0.0289486, 0.0308952
 52, 242, 6.601E-4, 0.0268796, 0.028924
 50, 236, 0.0011063000000000002, 0.0360455, 0.0390956
 50, 230, 0.0022308000000000002, 0.0406095, 0.0440266
 50, 230, 0.0013672, 0.039274800000000006, 0.0418081
 44, 230, 0.0011555, 0.040356800000000005, 0.0453829
 44, 200, 0.0010443, 0.037072, 0.0391862
 44, 200, 0.0010714000000000001, 0.0332661, 0.035399
 44, 200, 0.0011510000000000001, 0.0351698, 0.0374615
 44, 200, 0.0010756000000000001, 0.033260200000000004, 0.0353921
 44, 200, 0.0012773, 0.0348453, 0.0372059
 42, 202, 0.0010779000000000001, 0.0405159, 0.0457032
 43, 188, 0.0011066000000000001, 0.0322742, 0.0358247
 43, 190, 0.0011997000000000002, 0.030939900000000003, 0.0330076
 43, 192, 0.0010831, 0.0327953, 0.0354955
 43, 192, 0.0010467, 0.031659900000000005, 0.0337476
 44, 194, 0.0012051000000000002, 0.0326332, 0.03639
 44, 194, 0.0010804, 0.0323859, 0.0345915
 44, 194, 0.0010691000000000001, 0.0374952, 0.0397
 44, 194, 0.0010257, 0.0236616, 0.0254811
 45, 196, 7.436000000000001E-4, 0.0216222, 0.0233014
 45, 198, 7.096E-4, 0.0230689, 0.024566
 45, 198, 7.215E-4, 0.022408, 0.0239177
 45, 198, 6.795000000000001E-4, 0.0222842, 0.0237137
 45, 198, 7.155000000000001E-4, 0.023441800000000002, 0.0249659
 45, 198, 7.595000000000001E-4, 0.0223871, 0.0239324
 45, 198, 6.942000000000001E-4, 0.0226539, 0.0241466
 45, 198, 7.001E-4, 0.0224885, 0.0239875
 45, 198, 7.427E-4, 0.0228339, 0.0243383
 45, 198, 6.828E-4, 0.021885, 0.0233583
 45, 198, 7.294000000000001E-4, 0.0217293, 0.0232622
 44, 198, 7.075E-4, 0.022154700000000003, 0.0240494
 44, 194, 7.318E-4, 0.0211824, 0.0226752
 44, 194, 7.392000000000001E-4, 0.0251456, 0.0266458
 44, 194, 7.141000000000001E-4, 0.021842300000000002, 0.0233441
 43, 194, 7.508E-4, 0.021939100000000003, 0.0236808
 42, 192, 6.959000000000001E-4, 0.0250042, 0.0269136
 42, 190, 0.001719, 0.029826500000000002, 0.0326494
 42, 190, 9.000000000000001E-4, 0.0384817, 0.0408233
 41, 190, 0.0013653, 0.0375986, 0.0412111
 40, 184, 9.162E-4, 0.0275034, 0.0297329
 40, 182, 6.501E-4, 0.020627000000000003, 0.0220816
 39, 182, 6.567000000000001E-4, 0.021468300000000003, 0.0230666
 39, 180, 7.077E-4, 0.020217100000000002, 0.0217274
 38, 180, 0.0012862000000000001, 0.021813000000000003, 0.0240352
 38, 180, 6.397E-4, 0.022107, 0.0240703
 40, 180, 7.260000000000001E-4, 0.031802000000000004, 0.0360793
 40, 180, 0.0029468000000000003, 0.050326600000000006, 0.0546246
 40, 180, 0.0017487000000000002, 0.046286900000000006, 0.0493364
 40, 180, 0.0010155000000000001, 0.054357, 0.0569863
 40, 180, 0.0015423000000000001, 0.0583539, 0.0616828
 40, 180, 0.0015834, 0.07033940000000001, 0.0734908
 40, 180, 0.0172881, 0.031122900000000002, 0.0492451
 40, 180, 5.839E-4, 0.023175300000000003, 0.0246459
 40, 180, 6.176E-4, 0.0211269, 0.0225421
 39, 180, 5.455000000000001E-4, 0.020284100000000003, 0.0219997
 39, 172, 8.601E-4, 0.0380821, 0.0402239
 39, 172, 0.001603, 0.0435655, 0.0464124
 39, 172, 0.0013191000000000001, 0.0342765, 0.0364329
 39, 172, 7.566000000000001E-4, 0.0282448, 0.0299057
 39, 172, 8.293E-4, 0.0291992, 0.0309802
 38, 172, 8.437000000000001E-4, 0.028614800000000003, 0.0305507
 37, 172, 0.0015585, 0.0296812, 0.0326012
 37, 166, 8.523000000000001E-4, 0.0279123, 0.0295925
 35, 166, 8.589E-4, 0.0281542, 0.0303122
 35, 162, 7.544E-4, 0.0269374, 0.0287388
 35, 162, 7.848000000000001E-4, 0.027942300000000003, 0.0295764
 35, 164, 7.974000000000001E-4, 0.0263472, 0.0281943
 35, 162, 6.471000000000001E-4, 0.021901300000000002, 0.0233614
 35, 162, 7.583000000000001E-4, 0.030795000000000003, 0.0326214
 33, 162, 8.629000000000001E-4, 0.0274344, 0.0295037
 32, 160, 7.197000000000001E-4, 0.0261949, 0.0283333
 32, 160, 7.929E-4, 0.026307800000000003, 0.0283122
 35, 163, 8.460000000000001E-4, 0.026590000000000003, 0.0287222
 35, 162, 6.814000000000001E-4, 0.018616900000000002, 0.0201294
 35, 162, 5.011E-4, 0.0174183, 0.0186912
 35, 162, 4.7290000000000006E-4, 0.0172912, 0.0185571
 35, 162, 4.886000000000001E-4, 0.0177566, 0.0189805
 35, 162, 5.292000000000001E-4, 0.0179593, 0.0193065
 35, 162, 5.759000000000001E-4, 0.0179563, 0.0192321
 35, 162, 5.014E-4, 0.0177808, 0.0189746
 35, 162, 5.041000000000001E-4, 0.0180796, 0.0193483
 35, 162, 4.8620000000000005E-4, 0.017669300000000002, 0.0188988
 34, 162, 5.431E-4, 0.0175241, 0.0193754
 34, 160, 5.826000000000001E-4, 0.0181036, 0.0198535
 34, 160, 5.009E-4, 0.0172741, 0.0188223
 34, 160, 5.503E-4, 0.0172618, 0.0188307
 34, 160, 4.935E-4, 0.0189344, 0.0204258
 34, 160, 9.604E-4, 0.028565600000000003, 0.030533
 33, 160, 8.546000000000001E-4, 0.0260389, 0.0279581
 33, 158, 7.223E-4, 0.026909600000000002, 0.0288091
 33, 158, 8.296E-4, 0.030202600000000003, 0.0321423
 33, 158, 7.628E-4, 0.030011700000000002, 0.0317809
 33, 158, 6.990000000000001E-4, 0.0304354, 0.0320932
 33, 158, 8.016000000000001E-4, 0.0261736, 0.0279056
 33, 158, 7.998E-4, 0.023320200000000003, 0.0248799
 31, 158, 7.035E-4, 0.025707200000000003, 0.0275053
 34, 158, 7.837E-4, 0.0258783, 0.0278254
 33, 160, 7.451000000000001E-4, 0.027100000000000003, 0.0298977
 34, 158, 7.636E-4, 0.0261924, 0.0281491
 33, 158, 0.0021156, 0.0284984, 0.0329991
 33, 150, 7.288E-4, 0.028035400000000002, 0.0296804
 33, 150, 6.999E-4, 0.0252047, 0.0268789
 33, 150, 7.239000000000001E-4, 0.025331600000000003, 0.0270132
 33, 150, 7.391E-4, 0.025314600000000003, 0.0274941
 32, 150, 7.627E-4, 0.0252156, 0.0275178
 32, 140, 6.558E-4, 0.022594000000000003, 0.0243247
 32, 140, 7.665E-4, 0.022599400000000002, 0.0242535
 32, 140, 6.867E-4, 0.0228332, 0.0246072
 32, 140, 7.744000000000001E-4, 0.023379300000000002, 0.0251226
 32, 140, 4.693E-4, 0.017233500000000002, 0.0184602
 32, 140, 6.292E-4, 0.018206, 0.0196862
 32, 140, 6.954E-4, 0.024277, 0.0258301
 32, 140, 6.494000000000001E-4, 0.0226185, 0.0241468
 32, 140, 7.744000000000001E-4, 0.0366978, 0.0384083
 32, 140, 6.459E-4, 0.022567300000000002, 0.0241014
 32, 140, 6.737000000000001E-4, 0.024020200000000002, 0.0256426
 32, 140, 6.601E-4, 0.0225757, 0.0240966
 32, 140, 6.969000000000001E-4, 0.0241681, 0.0257587
 32, 140, 6.945E-4, 0.0237786, 0.025376
 32, 140, 6.482E-4, 0.0234151, 0.02495
 32, 140, 6.778E-4, 0.022726600000000003, 0.0242487
 32, 140, 6.908000000000001E-4, 0.022597700000000002, 0.0241493
 30, 140, 6.939E-4, 0.024147400000000003, 0.0268727
 30, 136, 6.403E-4, 0.018853500000000002, 0.0201488
 30, 136, 4.6580000000000005E-4, 0.0147796, 0.0158411
 30, 136, 5.791E-4, 0.0156432, 0.0168746
 30, 136, 5.147E-4, 0.0144311, 0.0155283
 30, 136, 6.009E-4, 0.016307000000000002, 0.0175208
 29, 136, 5.498E-4, 0.0167102, 0.0185879
 29, 128, 6.66E-4, 0.0211586, 0.0226843
 29, 128, 6.086E-4, 0.020871400000000002, 0.0223218
 29, 128, 6.987E-4, 0.0207565, 0.0224452
 29, 128, 7.387E-4, 0.0211343, 0.0227872
 29, 128, 6.365E-4, 0.0203445, 0.0218077
 29, 128, 6.384E-4, 0.021356200000000002, 0.0228603
 29, 128, 6.234000000000001E-4, 0.0204241, 0.0218804
 28, 128, 6.376E-4, 0.0283184, 0.0305217
 28, 120, 6.197E-4, 0.020066, 0.0213913
 27, 120, 6.399E-4, 0.018902000000000002, 0.0205054
 27, 118, 5.960000000000001E-4, 0.0189333, 0.020345
 27, 118, 6.635E-4, 0.0196471, 0.0211561
 26, 118, 6.025000000000001E-4, 0.0192234, 0.0210227
 26, 114, 5.946E-4, 0.018402400000000003, 0.0198233
 26, 114, 6.057E-4, 0.019063800000000002, 0.0205295
 26, 114, 6.543E-4, 0.018709100000000003, 0.0202054
 26, 114, 6.589E-4, 0.019189900000000003, 0.0206311
 26, 114, 6.091E-4, 0.0189735, 0.0203995
 26, 114, 6.433000000000001E-4, 0.0196601, 0.0211177
 24, 114, 7.256000000000001E-4, 0.020661500000000003, 0.0223254
 24, 110, 4.886000000000001E-4, 0.0169801, 0.0181246
 24, 110, 5.666E-4, 0.0180375, 0.0195409
 24, 110, 5.887E-4, 0.020418500000000003, 0.0219043
 24, 110, 5.802E-4, 0.0182679, 0.0199817
 24, 110, 5.916000000000001E-4, 0.0189331, 0.0203378
 24, 110, 6.394E-4, 0.017675800000000002, 0.0192216
 24, 110, 6.126E-4, 0.018577800000000002, 0.0200363
 24, 110, 6.342E-4, 0.0180579, 0.0198168
 24, 110, 5.893000000000001E-4, 0.018656100000000002, 0.0200567
 24, 110, 5.955E-4, 0.018227200000000002, 0.0198985
 24, 110, 5.478000000000001E-4, 0.0180177, 0.0197333
 23, 110, 9.461000000000001E-4, 0.0223992, 0.0246489
 23, 108, 5.836E-4, 0.017990000000000003, 0.0196734
 23, 108, 5.866000000000001E-4, 0.017630800000000002, 0.019026
 22, 108, 7.516000000000001E-4, 0.017679900000000002, 0.0194343
 22, 106, 5.667000000000001E-4, 0.018072900000000003, 0.0194264
 22, 106, 5.812E-4, 0.017649400000000003, 0.019086
 21, 106, 6.21E-4, 0.017775000000000003, 0.0193133
 22, 104, 6.577E-4, 0.0158165, 0.0175239
 22, 108, 5.485E-4, 0.017200700000000003, 0.0193801
 22, 100, 6.022E-4, 0.0165233, 0.0181905
 22, 100, 5.233E-4, 0.016558200000000002, 0.0179398
 23, 102, 5.763000000000001E-4, 0.0165236, 0.0180901
 23, 102, 5.678E-4, 0.0186603, 0.0201275
 23, 102, 5.86E-4, 0.0166573, 0.0182103
 22, 102, 5.116000000000001E-4, 0.0180398, 0.0198426
 22, 96, 6.429000000000001E-4, 0.020560000000000002, 0.0220624
 22, 96, 5.358E-4, 0.0169576, 0.0183815
 22, 96, 5.383E-4, 0.016186000000000002, 0.0175737
 22, 96, 6.057E-4, 0.018328900000000002, 0.0197284
 22, 96, 4.894000000000001E-4, 0.015715, 0.0170047
 22, 96, 5.174E-4, 0.021085000000000003, 0.0224163
 21, 96, 4.893E-4, 0.0170141, 0.0187326
 21, 90, 4.883E-4, 0.014911200000000001, 0.0161671
 21, 90, 4.986000000000001E-4, 0.015241900000000001, 0.0170387
 21, 90, 5.286000000000001E-4, 0.0152627, 0.0165884
 21, 90, 4.948E-4, 0.0154797, 0.0168521
 21, 90, 5.274E-4, 0.0152913, 0.0166151
 21, 90, 4.8090000000000003E-4, 0.014638400000000001, 0.0159203
 20, 90, 4.916E-4, 0.0150924, 0.0165312
 20, 90, 5.09E-4, 0.0184805, 0.0197684
 20, 90, 5.970000000000001E-4, 0.0148216, 0.0166864
 20, 90, 4.8170000000000005E-4, 0.0146102, 0.0159824
 20, 90, 5.290000000000001E-4, 0.014670500000000001, 0.0161226
 20, 90, 5.237E-4, 0.0150142, 0.0163719
 20, 90, 4.6110000000000004E-4, 0.014772100000000002, 0.0160152
 19, 90, 4.663E-4, 0.014049, 0.0160601
 19, 84, 4.8300000000000003E-4, 0.013878300000000001, 0.0152137
 20, 86, 4.3020000000000005E-4, 0.0134642, 0.0148755
 20, 84, 4.4540000000000004E-4, 0.0139457, 0.0151515
 20, 84, 4.672E-4, 0.0129659, 0.0142236
 22, 92, 4.315E-4, 0.014321400000000001, 0.0192361
 22, 94, 5.703E-4, 0.0127986, 0.0141145
 22, 94, 3.0490000000000004E-4, 0.0097269, 0.0105972
 22, 94, 3.299E-4, 0.010107600000000001, 0.0110977
 22, 94, 3.1360000000000003E-4, 0.0098622, 0.0107604
 23, 98, 3.217E-4, 0.009928300000000001, 0.01198
 23, 96, 3.635E-4, 0.010088000000000001, 0.0112364
 22, 96, 3.7390000000000004E-4, 0.010300400000000001, 0.0115698
 22, 88, 3.578E-4, 0.009644900000000001, 0.0105903
 22, 88, 3.574E-4, 0.0091959, 0.0101259
 22, 88, 3.0240000000000003E-4, 0.009679700000000001, 0.0105464
 22, 88, 3.579E-4, 0.009190700000000001, 0.0101821
 22, 88, 3.014E-4, 0.0097617, 0.010624
 22, 88, 5.119E-4, 0.0096095, 0.0107212
 22, 88, 3.056E-4, 0.0088681, 0.0097477
 22, 88, 3.1590000000000003E-4, 0.0092586, 0.0101355
 22, 88, 3.128E-4, 0.0089203, 0.0098394
 20, 88, 3.0670000000000003E-4, 0.0094946, 0.0108628
 20, 82, 3.221E-4, 0.0085511, 0.0096552
 20, 82, 3.622E-4, 0.0087294, 0.0096883
 20, 82, 2.904E-4, 0.008678400000000001, 0.0095229
 19, 82, 3.821E-4, 0.0088792, 0.0099224
 19, 80, 3.012E-4, 0.0087982, 0.0096738
 19, 80, 2.8450000000000003E-4, 0.008327300000000001, 0.0092019
 19, 80, 3.038E-4, 0.0087781, 0.0097018
 19, 80, 2.7610000000000004E-4, 0.0083324, 0.0094021
 19, 80, 2.931E-4, 0.0087814, 0.0096712
 19, 80, 2.941E-4, 0.0084083, 0.0092713
 19, 80, 3.038E-4, 0.0086507, 0.00955
 19, 80, 3.1590000000000003E-4, 0.008395600000000001, 0.0092844
 19, 80, 2.789E-4, 0.0088786, 0.0098105
 19, 80, 2.989E-4, 0.008102, 0.0089914
 19, 80, 3.646E-4, 0.0087282, 0.0097065
 19, 80, 3.1340000000000003E-4, 0.0083081, 0.0091787
 19, 80, 3.038E-4, 0.0087652, 0.0097051
 19, 80, 3.2980000000000005E-4, 0.0100295, 0.0110424
 19, 80, 3.702E-4, 0.0111833, 0.0123094
 19, 80, 4.2800000000000005E-4, 0.012437400000000001, 0.013799
 19, 80, 4.2520000000000004E-4, 0.0130299, 0.0142227
 19, 80, 4.692E-4, 0.0132887, 0.0145578
 19, 80, 4.403E-4, 0.012665200000000001, 0.0138525
 19, 80, 4.758E-4, 0.012533800000000001, 0.0138856
 18, 80, 4.443E-4, 0.012866200000000001, 0.0154509
 18, 78, 2.7E-4, 0.0082789, 0.0090831
 18, 78, 2.9780000000000003E-4, 0.0084055, 0.0093796
 18, 78, 3.623E-4, 0.009075300000000001, 0.0100557
 18, 78, 3.218E-4, 0.009537700000000001, 0.0104717
 16, 78, 3.7200000000000004E-4, 0.0109155, 0.0123693
 15, 74, 4.1220000000000004E-4, 0.012785300000000001, 0.0143032
 18, 76, 3.798E-4, 0.011330600000000001, 0.0148022
 18, 78, 4.356E-4, 0.012554000000000001, 0.0140895
 18, 78, 4.5430000000000004E-4, 0.0137038, 0.015142
 18, 78, 2.902E-4, 0.0080364, 0.0088438
 18, 78, 3.373E-4, 0.0096328, 0.0106186
 18, 78, 3.8770000000000005E-4, 0.0096076, 0.0107114
 18, 78, 4.804E-4, 0.013013400000000001, 0.0142665
 18, 78, 3.9680000000000005E-4, 0.0123294, 0.0134816
 18, 78, 4.7200000000000003E-4, 0.0124498, 0.0136891
 18, 78, 5.061E-4, 0.013060200000000001, 0.0143542
 18, 78, 4.157E-4, 0.0123888, 0.0135373
 18, 78, 4.1420000000000004E-4, 0.0128879, 0.0140333
 18, 78, 4.374E-4, 0.012463100000000001, 0.0136537
 17, 78, 4.5630000000000003E-4, 0.0121063, 0.014132
 17, 76, 4.904E-4, 0.0126052, 0.0138717
 17, 76, 4.016E-4, 0.011872500000000001, 0.0130405
 17, 76, 3.7610000000000003E-4, 0.0118998, 0.0129827
 17, 76, 3.8480000000000003E-4, 0.013024500000000001, 0.0141748
 17, 76, 4.2550000000000004E-4, 0.0122971, 0.0134787
 17, 76, 4.6950000000000003E-4, 0.0120412, 0.0132665
 17, 76, 3.925E-4, 0.011524000000000001, 0.0126517
 17, 76, 4.714E-4, 0.0120201, 0.0135123
 17, 76, 4.112E-4, 0.012550200000000001, 0.0137103
 17, 76, 4.668E-4, 0.012642100000000002, 0.0139137
 17, 76, 3.883E-4, 0.012010000000000002, 0.0131343
 17, 76, 4.6610000000000005E-4, 0.008858600000000001, 0.0098794
 17, 76, 4.8180000000000006E-4, 0.0128392, 0.0140931
 17, 76, 4.241E-4, 0.011888300000000001, 0.0131676
 17, 76, 4.892000000000001E-4, 0.0128448, 0.0141825
 17, 76, 3.9180000000000004E-4, 0.0122544, 0.0133603
 17, 76, 4.4790000000000005E-4, 0.016885300000000002, 0.0180701
 17, 76, 4.015E-4, 0.011571600000000001, 0.0127373
 17, 76, 4.356E-4, 0.011640800000000001, 0.0131553
 17, 76, 3.841E-4, 0.011993400000000001, 0.0132455
 17, 76, 4.736E-4, 0.0128331, 0.0140638
 17, 76, 4.3480000000000005E-4, 0.0129178, 0.0141267
 17, 76, 4.6780000000000004E-4, 0.0126181, 0.0138244
 17, 76, 5.334000000000001E-4, 0.0121641, 0.013431
 17, 76, 3.998E-4, 0.011663100000000001, 0.0127973
 17, 76, 4.059E-4, 0.011872, 0.0133259
 17, 76, 4.247E-4, 0.0118464, 0.0130476
 17, 76, 3.9160000000000003E-4, 0.012407900000000001, 0.0135541
 17, 76, 4.466E-4, 0.012815100000000001, 0.013983
 16, 76, 4.465E-4, 0.011762300000000002, 0.0133684
 16, 72, 4.0550000000000004E-4, 0.0113474, 0.0124729
 16, 72, 4.2960000000000003E-4, 0.0113819, 0.0125878
 16, 72, 4.132E-4, 0.0114517, 0.0127218
 15, 72, 3.638E-4, 0.0113261, 0.0129847
 15, 68, 4.269E-4, 0.0110954, 0.0122369
 15, 68, 3.679E-4, 0.010868300000000001, 0.011947
 15, 68, 4.489E-4, 0.011359500000000002, 0.0125752
 14, 68, 3.7600000000000003E-4, 0.0105232, 0.0119939
 14, 62, 3.524E-4, 0.010249600000000001, 0.0113541
 14, 62, 3.4060000000000004E-4, 0.0102206, 0.0113297
 14, 62, 3.703E-4, 0.010279100000000001, 0.0114664
 14, 62, 3.659E-4, 0.0097935, 0.0108978
 14, 62, 3.328E-4, 0.0092571, 0.0103237
 14, 62, 3.5360000000000003E-4, 0.0097427, 0.0108849
 14, 62, 3.621E-4, 0.0097611, 0.0109354
 14, 62, 3.2680000000000003E-4, 0.0096223, 0.0106786
 14, 62, 6.481000000000001E-4, 0.0123759, 0.0138567
 14, 62, 3.801E-4, 0.0117149, 0.0128595
 14, 62, 2.144E-4, 0.006164800000000001, 0.0072681
 13, 62, 3.243E-4, 0.0105048, 0.0120179
 13, 60, 3.0930000000000004E-4, 0.0100779, 0.0111267
 13, 60, 3.399E-4, 0.0099515, 0.0111096
 13, 60, 3.0670000000000003E-4, 0.0091651, 0.010148
 13, 60, 3.053E-4, 0.0093801, 0.0103882
 13, 60, 3.059E-4, 0.0095368, 0.0105306
 13, 60, 3.011E-4, 0.009209700000000001, 0.0102508
 13, 60, 3.682E-4, 0.0087109, 0.009682
 13, 60, 5.295E-4, 0.0134202, 0.0146604
 13, 60, 3.0060000000000004E-4, 0.0089666, 0.01
 12, 60, 3.3580000000000003E-4, 0.0093965, 0.0110844
 12, 52, 2.888E-4, 0.0074692000000000005, 0.0084435
 12, 52, 2.9E-4, 0.0080954, 0.0091083
 12, 52, 2.753E-4, 0.0076213, 0.0085958
 12, 52, 2.721E-4, 0.0080797, 0.0090777
 12, 52, 2.901E-4, 0.007844, 0.0088416
 12, 52, 2.9330000000000003E-4, 0.008129, 0.0091149
 12, 52, 2.717E-4, 0.0079034, 0.0088772
 12, 52, 2.776E-4, 0.0085892, 0.0095665
 12, 52, 3.309E-4, 0.008282600000000001, 0.0093697
 12, 52, 2.5990000000000003E-4, 0.0081857, 0.0094396
 12, 52, 2.807E-4, 0.011319300000000001, 0.0128125
 12, 52, 2.835E-4, 0.007942600000000001, 0.0089883
 12, 52, 2.745E-4, 0.0079076, 0.0089377
 12, 52, 3.1620000000000004E-4, 0.0084842, 0.0095097
 12, 52, 2.653E-4, 0.0080773, 0.0093724
 12, 52, 2.88E-4, 0.0081883, 0.0092339
 11, 52, 2.8710000000000004E-4, 0.0080563, 0.0092304
 11, 50, 2.702E-4, 0.0074904, 0.0084447
 11, 50, 2.7110000000000003E-4, 0.0073273, 0.0082757
 10, 50, 2.672E-4, 0.007768100000000001, 0.0089123
 10, 48, 2.702E-4, 0.0072059, 0.0081759
 10, 48, 2.8440000000000003E-4, 0.0072979, 0.0082632
 10, 48, 2.989E-4, 0.007543500000000001, 0.0086072
 10, 48, 2.729E-4, 0.0074181, 0.0083615
 10, 48, 2.6480000000000004E-4, 0.0073131, 0.0082898
 10, 48, 2.6040000000000004E-4, 0.007436600000000001, 0.0084288
 10, 48, 2.6260000000000004E-4, 0.0069601, 0.0079295
 10, 48, 2.2060000000000002E-4, 0.0050226, 0.0057542
 10, 48, 2.211E-4, 0.0053479, 0.0061867
 10, 48, 3.1610000000000004E-4, 0.0073690000000000005, 0.0084199
 10, 48, 2.763E-4, 0.0073628, 0.0083807
 10, 48, 3.572E-4, 0.0091403, 0.0105938
 10, 48, 2.776E-4, 0.0074349, 0.00844
 10, 48, 2.7340000000000003E-4, 0.006936100000000001, 0.0078902
 10, 48, 2.902E-4, 0.007051900000000001, 0.0080273
 10, 48, 2.763E-4, 0.0069532000000000005, 0.0079064
 10, 48, 3.11E-4, 0.0074676000000000005, 0.0085242
 10, 48, 2.7610000000000004E-4, 0.006982500000000001, 0.0079543
 10, 48, 2.8060000000000004E-4, 0.0070469, 0.0080204
 10, 48, 2.8450000000000003E-4, 0.007041400000000001, 0.0080156
 10, 48, 2.8010000000000003E-4, 0.0076893000000000005, 0.0086702
 10, 48, 2.832E-4, 0.007315500000000001, 0.0082643
 10, 48, 2.8460000000000003E-4, 0.007431900000000001, 0.0083913
 10, 48, 2.8500000000000004E-4, 0.0072557, 0.008251
 10, 48, 2.791E-4, 0.007581900000000001, 0.0085661
 10, 48, 2.5810000000000004E-4, 0.0079063, 0.0088387
 10, 48, 2.884E-4, 0.0074764, 0.0085339
 10, 48, 2.612E-4, 0.007184200000000001, 0.008523
 10, 48, 3.53E-4, 0.0076972, 0.0090935
 10, 48, 2.634E-4, 0.007366, 0.0083599
 10, 48, 2.6460000000000003E-4, 0.007022400000000001, 0.007957
 10, 48, 2.84E-4, 0.007420100000000001, 0.0083858
 10, 48, 3.69E-4, 0.0074006, 0.008444
 10, 48, 2.929E-4, 0.007234900000000001, 0.0082226
 10, 48, 2.73E-4, 0.0072335, 0.0081885
 10, 48, 2.6670000000000003E-4, 0.0077441, 0.008748
 10, 48, 2.674E-4, 0.0072033, 0.0081784
 10, 48, 3.5200000000000005E-4, 0.007322800000000001, 0.0086974
 10, 48, 3.599E-4, 0.0073788000000000005, 0.0084887
 10, 48, 2.658E-4, 0.0071259, 0.0081929
 10, 48, 2.699E-4, 0.0072896, 0.0085396
 10, 48, 2.708E-4, 0.0073454, 0.0083704
 9, 48, 2.6230000000000003E-4, 0.0073834, 0.0088815
 9, 42, 2.793E-4, 0.006200300000000001, 0.0072006
 8, 42, 2.877E-4, 0.006446800000000001, 0.0075657
 8, 40, 3.097E-4, 0.0061314, 0.0071191
 8, 40, 2.568E-4, 0.005867000000000001, 0.006821
 8, 40, 2.309E-4, 0.0069582, 0.0078744
 8, 40, 2.477E-4, 0.006130600000000001, 0.0071148
 7, 40, 2.483E-4, 0.006077300000000001, 0.0074608
 7, 34, 2.01E-4, 0.0051808, 0.0060283
 7, 34, 2.0940000000000002E-4, 0.0051519, 0.0060908
 7, 34, 2.0850000000000003E-4, 0.005046800000000001, 0.0059178
 7, 34, 3.815E-4, 0.008538800000000001, 0.009981
 7, 34, 2.142E-4, 0.005122000000000001, 0.0060129
 7, 34, 2.509E-4, 0.0049905, 0.0059004
 7, 34, 3.44E-4, 0.005235200000000001, 0.0062623
 7, 34, 3.108E-4, 0.004955800000000001, 0.0061261
 7, 34, 2.564E-4, 0.0051541, 0.006066
 7, 34, 2.1040000000000002E-4, 0.0048947, 0.0057546
 7, 34, 2.145E-4, 0.0048544, 0.0057359
 7, 34, 2.034E-4, 0.0055791, 0.0064624
 7, 34, 3.2E-4, 0.0060134, 0.0070353
 6, 34, 2.144E-4, 0.0056391, 0.0073258
 6, 30, 1.7600000000000002E-4, 0.0045264, 0.0053912
 6, 30, 1.909E-4, 0.0045388, 0.0054474
 6, 30, 3.0960000000000004E-4, 0.0046598, 0.0056902
 6, 30, 1.9140000000000002E-4, 0.0043943, 0.0052368
 7, 32, 2.232E-4, 0.0044711, 0.0082687
 7, 37, 1.9390000000000002E-4, 0.0060905, 0.0069914
 7, 37, 1.8480000000000002E-4, 0.0059305, 0.0069052
 7, 37, 1.951E-4, 0.0059604, 0.0068505
 8, 45, 1.919E-4, 0.005797500000000001, 0.0090294
 8, 42, 2.674E-4, 0.006335, 0.0073149
 8, 42, 1.8380000000000002E-4, 0.005134700000000001, 0.0059765
 8, 42, 2.539E-4, 0.0063401, 0.0073094
 8, 42, 2.18E-4, 0.0064088, 0.0072979
 8, 42, 2.3370000000000002E-4, 0.006594600000000001, 0.0074898
 8, 42, 4.089E-4, 0.009208500000000001, 0.0105541
 8, 42, 2.793E-4, 0.006786100000000001, 0.007784
 8, 42, 2.2380000000000002E-4, 0.006935800000000001, 0.008213
 8, 42, 2.389E-4, 0.0063584, 0.0072664
 8, 42, 2.727E-4, 0.006411200000000001, 0.0074484
 8, 42, 2.212E-4, 0.0063153, 0.0072862
 8, 42, 2.357E-4, 0.008573, 0.009998
 8, 42, 2.2290000000000002E-4, 0.0065331, 0.0074333
 8, 42, 2.3510000000000002E-4, 0.006039, 0.0069811
 8, 42, 2.3190000000000003E-4, 0.006504200000000001, 0.0074361
 8, 42, 2.1490000000000002E-4, 0.0067222, 0.0077303
 8, 42, 2.5780000000000003E-4, 0.006558700000000001, 0.0077791
 8, 42, 2.5600000000000004E-4, 0.0063915000000000005, 0.0073748
 8, 42, 2.573E-4, 0.0064263, 0.0073508
 8, 42, 2.841E-4, 0.0064444, 0.0074044
 8, 42, 2.2700000000000002E-4, 0.0064152, 0.0073606
 8, 42, 2.3300000000000003E-4, 0.0081388, 0.0093764
 8, 42, 2.3270000000000002E-4, 0.009807900000000001, 0.0110441
 8, 42, 2.507E-4, 0.0063834, 0.0073437
 8, 42, 2.5340000000000003E-4, 0.0065967000000000005, 0.0076292
 8, 42, 2.1040000000000002E-4, 0.006329700000000001, 0.0072379
 8, 42, 2.818E-4, 0.006441100000000001, 0.0078587
 8, 42, 2.2720000000000002E-4, 0.0061846, 0.0070584
 8, 42, 2.178E-4, 0.0064619000000000005, 0.0073589
 8, 42, 2.3380000000000002E-4, 0.006306600000000001, 0.0072055
 8, 42, 2.4460000000000004E-4, 0.006496600000000001, 0.007457
 7, 42, 2.347E-4, 0.0064164, 0.0078564
 7, 34, 1.966E-4, 0.0058485, 0.0067129
 7, 34, 1.863E-4, 0.0051909, 0.0060886
 7, 34, 1.998E-4, 0.0056309, 0.0065452
 7, 34, 1.2880000000000001E-4, 0.0032743000000000004, 0.0039609
 7, 34, 1.667E-4, 0.0032489000000000003, 0.003921
 7, 34, 1.372E-4, 0.0035714, 0.0042765
 7, 34, 1.8010000000000001E-4, 0.0049592, 0.0057862
 7, 34, 1.876E-4, 0.0048884, 0.0057398
 7, 34, 2.0360000000000002E-4, 0.005136, 0.0060435
 7, 34, 3.3790000000000003E-4, 0.0051470000000000005, 0.0061868
 7, 34, 1.9020000000000002E-4, 0.005323400000000001, 0.0062149
 7, 34, 2.066E-4, 0.005266900000000001, 0.0061709
 7, 34, 1.975E-4, 0.0048214, 0.0056765
 4, 34, 1.809E-4, 0.0049629, 0.0065454
 4, 20, 1.229E-4, 0.0036258, 0.0045983
 4, 20, 1.1690000000000001E-4, 0.0028441, 0.0039096
 4, 20, 1.241E-4, 0.0029775, 0.0037439
 4, 20, 1.2790000000000002E-4, 0.0028839, 0.0036732
 4, 20, 1.1750000000000001E-4, 0.0030810000000000004, 0.0038753
 4, 20, 1.609E-4, 0.0030814, 0.0039045
 4, 20, 1.3130000000000002E-4, 0.0028739, 0.003653
 4, 20, 1.1980000000000001E-4, 0.0031479000000000004, 0.0042215
 4, 20, 1.1630000000000001E-4, 0.0027955000000000002, 0.0035493
 3, 20, 2.2740000000000003E-4, 0.0031857, 0.0041665
 3, 21, 1.021E-4, 0.0031842000000000003, 0.004018
 3, 21, 9.72E-5, 0.0031756, 0.0039508
 3, 21, 1.033E-4, 0.0033448, 0.004123
 3, 21, 1.026E-4, 0.0030442000000000004, 0.0037724
 3, 21, 1.248E-4, 0.0032547, 0.0040573
 3, 21, 1.0420000000000001E-4, 0.0030249, 0.0037767
 4, 27, 1.127E-4, 0.0031855000000000004, 0.0061665
 4, 26, 1.308E-4, 0.0038380000000000003, 0.0046004
 4, 26, 1.531E-4, 0.0041075, 0.004929
 4, 26, 2.1160000000000002E-4, 0.0043068, 0.0051748
 5, 28, 1.337E-4, 0.0032745, 0.0040939
 5, 24, 1.1E-4, 0.0025659000000000003, 0.0031896
 5, 24, 1.685E-4, 0.0036152000000000003, 0.0044953
 5, 24, 2.435E-4, 0.0036246000000000004, 0.0045457
 5, 24, 1.664E-4, 0.0038620000000000004, 0.0047133
 5, 24, 1.989E-4, 0.0035173, 0.0043622
 5, 24, 1.566E-4, 0.0036741, 0.0044976
 5, 24, 1.61E-4, 0.0034601000000000002, 0.0042753
 5, 24, 1.6920000000000002E-4, 0.0037716000000000004, 0.0045784
 5, 24, 2.0290000000000003E-4, 0.0036601000000000003, 0.0045449
 5, 24, 1.542E-4, 0.0033258000000000003, 0.0041087
 5, 24, 1.7690000000000002E-4, 0.0036367, 0.0044647
 5, 24, 3.08E-4, 0.006087400000000001, 0.0072055
 5, 24, 1.663E-4, 0.0033323000000000003, 0.0041332
 5, 24, 1.55E-4, 0.0036288, 0.0045005
 5, 24, 1.627E-4, 0.0033052000000000003, 0.0041084
 5, 24, 1.7E-4, 0.0061231, 0.006966
 5, 24, 1.4910000000000002E-4, 0.0034385, 0.0041586
 5, 24, 1.572E-4, 0.00349, 0.0042901
 5, 24, 1.8160000000000002E-4, 0.0035134000000000003, 0.0043376
 5, 24, 1.655E-4, 0.0037756, 0.0046278
 5, 24, 2.636E-4, 0.003441, 0.0043654
 5, 24, 1.508E-4, 0.003458, 0.0042291
 5, 24, 1.7240000000000002E-4, 0.0033480000000000003, 0.0041652
 5, 24, 1.989E-4, 0.0034804000000000002, 0.0043248
 5, 24, 1.595E-4, 0.0034481000000000004, 0.0042301
 5, 24, 1.929E-4, 0.0037708000000000004, 0.0046874
 5, 24, 1.7370000000000002E-4, 0.0026941, 0.0033454
 5, 24, 1.575E-4, 0.0036725000000000004, 0.0044815
 5, 24, 3.146E-4, 0.0041548, 0.0051458
 5, 24, 1.589E-4, 0.0033148, 0.0040934
 5, 24, 1.611E-4, 0.0034866000000000003, 0.0043004
 5, 24, 1.6340000000000001E-4, 0.0038061, 0.0046417
 5, 24, 1.6690000000000002E-4, 0.0037852000000000003, 0.0046621
 5, 24, 1.8160000000000002E-4, 0.003503, 0.0043142
 5, 24, 1.708E-4, 0.00366, 0.0044991
 5, 24, 1.6030000000000002E-4, 0.003396, 0.0041978
 5, 24, 2.6230000000000003E-4, 0.0035037000000000002, 0.004407
 5, 24, 1.661E-4, 0.0037868000000000003, 0.0045739
 5, 24, 1.609E-4, 0.0038232, 0.0046528
 5, 24, 1.6140000000000002E-4, 0.0037621000000000004, 0.0045964
 5, 24, 1.6930000000000002E-4, 0.0038413, 0.0047028
 5, 24, 1.609E-4, 0.0035886000000000004, 0.0046488
 5, 24, 3.018E-4, 0.0057841, 0.0072816
 5, 24, 1.561E-4, 0.0036184000000000003, 0.0045134
 5, 24, 2.462E-4, 0.0036577000000000003, 0.0046625
 5, 24, 1.5910000000000002E-4, 0.0034476000000000003, 0.0042318
 5, 24, 1.6370000000000002E-4, 0.0033527, 0.0041763
 5, 24, 1.6700000000000002E-4, 0.0037163, 0.004574
 5, 24, 2.379E-4, 0.0035902000000000004, 0.0045189
 5, 24, 1.8820000000000002E-4, 0.0036703, 0.004566
 5, 24, 1.932E-4, 0.0035236000000000004, 0.00442
 5, 24, 1.576E-4, 0.0033148, 0.0040895
 5, 24, 1.6150000000000002E-4, 0.0035619000000000002, 0.0044937
 5, 24, 1.729E-4, 0.0035807, 0.0043607
 5, 24, 1.6240000000000002E-4, 0.0033928, 0.0041609
 5, 24, 1.607E-4, 0.0033836, 0.0041417
 5, 24, 1.64E-4, 0.0033718000000000003, 0.0041651
 5, 24, 1.448E-4, 0.0027155, 0.0033999
 5, 24, 1.7260000000000002E-4, 0.002545, 0.0032158
 5, 24, 1.582E-4, 0.0039310000000000005, 0.0047677
 5, 24, 1.6450000000000001E-4, 0.0037506, 0.0045585
 5, 24, 2.3950000000000002E-4, 0.0037221000000000003, 0.0048217
 5, 24, 2.7550000000000003E-4, 0.0038068000000000004, 0.0047618
 5, 24, 1.707E-4, 0.0036867000000000002, 0.0045534
 5, 24, 1.6E-4, 0.0033744, 0.0049391
 5, 24, 1.752E-4, 0.0035397000000000002, 0.0043275
 5, 24, 1.6010000000000002E-4, 0.0037332000000000003, 0.004533
 5, 24, 1.74E-4, 0.0035682, 0.0044737
 5, 24, 1.609E-4, 0.0036095000000000003, 0.0044277
 5, 24, 1.8150000000000002E-4, 0.0033308, 0.0042354
 5, 24, 1.653E-4, 0.0033926000000000004, 0.0041688
 5, 24, 1.7120000000000001E-4, 0.0036899000000000003, 0.0044701
 5, 24, 1.7930000000000002E-4, 0.0033498, 0.0045272
 5, 24, 1.81E-4, 0.0034457000000000003, 0.0042464
 5, 24, 1.56E-4, 0.003464, 0.0043134
 5, 24, 1.6010000000000002E-4, 0.0037325, 0.0045574
 5, 24, 1.5810000000000002E-4, 0.0034715, 0.0042802
 5, 24, 1.6240000000000002E-4, 0.0033903, 0.0041922
 5, 24, 1.5780000000000001E-4, 0.0048342, 0.0058742
 5, 24, 1.6230000000000001E-4, 0.003627, 0.0044624
 5, 24, 1.974E-4, 0.0038445000000000003, 0.0047472
 5, 24, 3.1820000000000004E-4, 0.0036981, 0.0047389
 5, 24, 1.6480000000000002E-4, 0.0035105, 0.0043878
 5, 24, 1.688E-4, 0.0035527, 0.0043334
 5, 24, 1.706E-4, 0.0035716000000000003, 0.0045044
 5, 24, 1.684E-4, 0.0035156000000000002, 0.0044002
 5, 24, 1.56E-4, 0.0036958000000000004, 0.0045485
 5, 24, 1.5590000000000002E-4, 0.0035031000000000003, 0.0043255
 5, 24, 1.777E-4, 0.0035693, 0.004389
 5, 24, 1.739E-4, 0.004623, 0.0057165
 5, 24, 1.7E-4, 0.0035452, 0.0043444
 5, 24, 1.5690000000000002E-4, 0.0040101, 0.0049243
 5, 24, 1.653E-4, 0.0036890000000000004, 0.0048333
 5, 24, 1.5580000000000002E-4, 0.0037515, 0.0046884
 5, 24, 2.322E-4, 0.0036049000000000003, 0.0045131
 5, 24, 1.7930000000000002E-4, 0.0034468000000000003, 0.0043075
 5, 24, 1.621E-4, 0.0033401000000000004, 0.0041458
 5, 24, 1.7030000000000002E-4, 0.0037619000000000003, 0.0045935
 5, 24, 1.753E-4, 0.0036469000000000002, 0.0044403
 5, 24, 1.622E-4, 0.0036265000000000004, 0.0046932
 5, 24, 1.543E-4, 0.0036129, 0.0044065
 5, 24, 1.617E-4, 0.0033559, 0.0041268
 5, 24, 2.478E-4, 0.0047609, 0.0063
 5, 24, 1.544E-4, 0.0036241000000000003, 0.0044089
 5, 24, 1.62E-4, 0.0034663000000000003, 0.0046204
 5, 24, 1.6450000000000001E-4, 0.0035719000000000002, 0.0046445
 5, 24, 1.586E-4, 0.0034266, 0.004182
 5, 24, 1.9020000000000002E-4, 0.0033824000000000003, 0.0041963
 5, 24, 1.605E-4, 0.0034431, 0.004231
 5, 24, 2.424E-4, 0.0060023, 0.0070834
 5, 24, 1.2100000000000001E-4, 0.0024742, 0.0031333
 5, 24, 3.355E-4, 0.0065085, 0.0075335
 5, 24, 1.6480000000000002E-4, 0.0036215, 0.0044951
 5, 24, 1.655E-4, 0.0034516000000000004, 0.0042564
 5, 24, 2.589E-4, 0.0036561000000000002, 0.0045992
 5, 24, 1.5340000000000002E-4, 0.0037833000000000003, 0.0046538
 5, 24, 1.6230000000000001E-4, 0.0036822, 0.0045557
 5, 24, 1.5590000000000002E-4, 0.0038678000000000002, 0.0046528
 5, 24, 1.878E-4, 0.0036232, 0.0044558
 5, 24, 2.45E-4, 0.0036346000000000004, 0.0045436
 5, 24, 1.765E-4, 0.0035121, 0.0043695
 5, 24, 1.574E-4, 0.0035947, 0.0044166
 5, 24, 2.3500000000000002E-4, 0.0037356000000000004, 0.0046514
 5, 24, 1.934E-4, 0.0035356000000000003, 0.004754
 4, 24, 2.3290000000000002E-4, 0.0052827, 0.007086
 4, 18, 1.6240000000000002E-4, 0.002328, 0.0030732
 4, 18, 1.349E-4, 0.0026762, 0.0034423
 4, 18, 1.285E-4, 0.0027298, 0.0035009
 4, 18, 1.27E-4, 0.0025610000000000003, 0.0032991
 4, 18, 1.688E-4, 0.0027641000000000002, 0.0035615
 4, 18, 1.2790000000000002E-4, 0.0026041000000000003, 0.0033624
 4, 18, 1.7470000000000002E-4, 0.0025462, 0.003406
 4, 18, 1.444E-4, 0.0026731000000000003, 0.0035534
 4, 18, 1.284E-4, 0.0028179000000000004, 0.003602
 4, 18, 1.2660000000000001E-4, 0.0024935, 0.0032325
 4, 18, 1.26E-4, 0.002608, 0.003386
 4, 18, 3.859E-4, 0.0039097, 0.0051012
 3, 18, 1.364E-4, 0.0029737, 0.0046538
 3, 16, 1.178E-4, 0.0023287, 0.0036327
 3, 16, 1.1570000000000001E-4, 0.0024034, 0.0031476
 3, 16, 1.294E-4, 0.0023093000000000002, 0.0031172
 3, 16, 1.1860000000000001E-4, 0.0028884, 0.00365
 3, 16, 1.821E-4, 0.0025144, 0.0033554
 3, 16, 1.173E-4, 0.0022386000000000003, 0.0029875
 3, 16, 1.319E-4, 0.0024003, 0.0031559
 3, 16, 1.25E-4, 0.0024865, 0.0032442
 3, 16, 1.1530000000000001E-4, 0.0022239, 0.0029593
 3, 16, 1.487E-4, 0.0023299, 0.0031435
 3, 16, 8.340000000000001E-5, 0.0016837, 0.0022473
 3, 16, 1.138E-4, 0.0022453, 0.0029928
 3, 16, 1.1970000000000001E-4, 0.00255, 0.0033465
 3, 16, 1.675E-4, 0.0024461, 0.0033125
 3, 16, 1.453E-4, 0.0023979, 0.0034996
 3, 16, 1.129E-4, 0.0023676, 0.0031048
 3, 16, 1.464E-4, 0.0024627, 0.003277
 3, 16, 1.365E-4, 0.0022841000000000003, 0.0031704
 3, 16, 1.1E-4, 0.0022708000000000003, 0.0030476
 3, 16, 1.619E-4, 0.0024487000000000003, 0.0033128
 3, 16, 1.132E-4, 0.0024336, 0.0032253
 3, 16, 1.2570000000000002E-4, 0.0025199000000000003, 0.0033313
 3, 16, 1.2440000000000002E-4, 0.0023680000000000003, 0.0031166
 3, 16, 2.1280000000000002E-4, 0.0026246000000000004, 0.0037058
 3, 16, 2.201E-4, 0.0024429, 0.0033671
 3, 16, 1.132E-4, 0.0025385, 0.0033065
 3, 16, 9.7E-5, 0.0020685, 0.0027401
 3, 16, 7.900000000000001E-5, 0.0015596000000000002, 0.0021247
 3, 16, 9.31E-5, 0.0016213, 0.0024905
 3, 16, 9.080000000000001E-5, 0.0017568000000000002, 0.0023297
 3, 16, 1.7820000000000002E-4, 0.0025765000000000002, 0.0034778
 3, 16, 1.845E-4, 0.0038027000000000004, 0.004963
 3, 16, 1.1130000000000001E-4, 0.0023644, 0.0030792
 3, 16, 1.1530000000000001E-4, 0.0025080000000000002, 0.0032815
 3, 16, 1.319E-4, 0.0023994000000000003, 0.0032487
 3, 16, 1.907E-4, 0.0024734, 0.003347
 3, 16, 1.177E-4, 0.0023045, 0.0030493
 3, 16, 1.262E-4, 0.0023947, 0.0031711
 3, 16, 1.1360000000000001E-4, 0.0024462, 0.0032162
 3, 16, 1.7370000000000002E-4, 0.0024607, 0.0033127
 3, 16, 1.254E-4, 0.0022846000000000003, 0.0030442
 3, 16, 1.111E-4, 0.0024844000000000003, 0.0032685
 3, 16, 1.1240000000000001E-4, 0.0024601000000000002, 0.0032172
 3, 16, 1.261E-4, 0.0024205000000000003, 0.0034504
 3, 16, 1.247E-4, 0.0025692, 0.0033561
 2, 16, 1.228E-4, 0.0022454000000000003, 0.0035158
 2, 4, 7.560000000000001E-5, 5.534E-4, 0.0014416
 2, 4, 5.53E-5, 5.649E-4, 0.0012753
 2, 4, 6.0100000000000004E-5, 5.905E-4, 0.0012824
 2, 4, 5.380000000000001E-5, 3.955E-4, 0.0011059
 2, 4, 5.4000000000000005E-5, 5.571E-4, 0.0012686
 2, 4, 9.410000000000001E-5, 5.781E-4, 0.0013653
 2, 4, 8.900000000000001E-5, 9.002000000000001E-4, 0.0019321
 2, 4, 5.4300000000000005E-5, 5.46E-4, 0.0012439
 2, 4, 5.45E-5, 6.567000000000001E-4, 0.0013695
 2, 4, 1.2030000000000001E-4, 5.91E-4, 0.0016832
 2, 4, 5.28E-5, 6.25E-4, 0.0012717
 2, 4, 5.67E-5, 5.58E-4, 0.0013265
 2, 4, 5.61E-5, 6.099E-4, 0.0013949
 2, 4, 5.36E-5, 5.564000000000001E-4, 0.001123
 2, 4, 9.22E-5, 5.584E-4, 0.0013463
 2, 4, 1.073E-4, 5.665000000000001E-4, 0.0013157
 2, 4, 5.3500000000000006E-5, 7.723000000000001E-4, 0.0015292
 2, 4, 6.3E-5, 6.858000000000001E-4, 0.0015348
 2, 4, 6.85E-5, 6.874E-4, 0.00155
 2, 4, 6.48E-5, 7.598E-4, 0.0016228
 2, 4, 7.05E-5, 6.964E-4, 0.001577
 2, 4, 8.39E-5, 8.151E-4, 0.0017751
 2, 4, 6.610000000000001E-5, 7.895E-4, 0.0016385
 2, 4, 7.630000000000001E-5, 7.048E-4, 0.0015704
 2, 4, 6.69E-5, 9.341000000000001E-4, 0.0018444
 2, 4, 6.780000000000001E-5, 7.095000000000001E-4, 0.0017172
 2, 4, 1.2890000000000002E-4, 0.0012702, 0.0025336
 2, 4, 6.93E-5, 7.084000000000001E-4, 0.0015804
 2, 4, 6.68E-5, 7.465000000000001E-4, 0.0016757
 2, 4, 7.060000000000001E-5, 7.068E-4, 0.0019988
 2, 4, 7.630000000000001E-5, 8.192000000000001E-4, 0.0021201
 2, 4, 8.22E-5, 7.132000000000001E-4, 0.0016086
 2, 4, 1.1360000000000001E-4, 7.063000000000001E-4, 0.001652
 2, 4, 7.1E-5, 6.928E-4, 0.0017086
 2, 4, 9.0E-5, 0.0011821000000000002, 0.0021998
 2, 4, 8.39E-5, 0.0011893000000000001, 0.0024065
 2, 4, 8.64E-5, 0.0012866000000000002, 0.0024564
 1, 4, 8.790000000000001E-5, 0.0010759, 0.0026936
 1, 0, 9.000000000000001E-7, 0.0010759, 9.269E-4
 1, 0, 1.2000000000000002E-6, 0.0010759, 0.0016527
 1, 0, 1.0000000000000002E-6, 0.0010759, 9.481E-4
 1, 0, 1.2000000000000002E-6, 0.0010759, 9.508E-4
 1, 0, 1.4000000000000001E-6, 0.0010759, 0.0012168
 1, 0, 1.1E-6, 0.0010759, 0.0012861
 1, 0, 8.000000000000001E-7, 0.0010759, 0.0012715
 1, 0, 7.000000000000001E-7, 0.0010759, 9.691E-4
 1, 0, 8.000000000000001E-7, 0.0010759, 0.0010073
 1, 0, 8.000000000000001E-7, 0.0010759, 9.007E-4
 1, 0, 1.2000000000000002E-6, 0.0010759, 9.151E-4
 1, 0, 1.2000000000000002E-6, 0.0010759, 9.369E-4
 1, 0, 9.000000000000001E-7, 0.0010759, 8.952E-4
 1, 0, 1.1E-6, 0.0010759, 9.323E-4
 1, 0, 1.2000000000000002E-6, 0.0010759, 9.881E-4
 1, 0, 9.000000000000001E-7, 0.0010759, 0.0010522
 1, 0, 8.000000000000001E-7, 0.0010759, 0.0010263
 1, 0, 1.2000000000000002E-6, 0.0010759, 0.001182
 1, 0, 1.1E-6, 0.0010759, 9.353E-4
 1, 0, 8.000000000000001E-7, 0.0010759, 0.0010012
 1, 0, 9.000000000000001E-7, 0.0010759, 0.0010262
 1, 0, 1.1E-6, 0.0010759, 9.549E-4
 1, 0, 7.000000000000001E-7, 0.0010759, 0.001007
 1, 0, 9.000000000000001E-7, 0.0010759, 0.0010503
 1, 0, 8.000000000000001E-7, 0.0010759, 9.966E-4
 1, 0, 1.1E-6, 0.0010759, 8.966E-4
 1, 0, 8.000000000000001E-7, 0.0010759, 8.357E-4
 1, 0, 1.1E-6, 0.0010759, 0.0011792
 1, 0, 9.000000000000001E-7, 0.0010759, 0.001344
 1, 0, 7.000000000000001E-7, 0.0010759, 8.074E-4
 1, 0, 8.000000000000001E-7, 0.0010759, 8.146E-4
 1, 0, 6.000000000000001E-7, 0.0010759, 9.59E-4
 1, 0, 7.000000000000001E-7, 0.0010759, 0.0013334
 1, 0, 7.000000000000001E-7, 0.0010759, 8.195E-4
 1, 0, 1.0000000000000002E-6, 0.0010759, 0.00156
 1, 0, 7.000000000000001E-7, 0.0010759, 8.651E-4
 1, 0, 1.3E-6, 0.0010759, 0.0012056
 1, 0, 1.2000000000000002E-6, 0.0010759, 0.001544
 1, 0, 1.3E-6, 0.0010759, 9.375E-4
 1, 0, 1.1E-6, 0.0010759, 8.899E-4
 1, 0, 6.000000000000001E-7, 0.0010759, 9.94E-4
 1, 0, 7.000000000000001E-7, 0.0010759, 8.381E-4
 1, 0, 1.0000000000000002E-6, 0.0010759, 0.0011181
 1, 0, 1.0000000000000002E-6, 0.0010759, 0.0010601
 1, 0, 7.000000000000001E-7, 0.0010759, 8.14E-4
 1, 0, 7.000000000000001E-7, 0.0010759, 8.173E-4
 1, 0, 1.0000000000000002E-6, 0.0010759, 8.256E-4
 1, 0, 1.0000000000000002E-6, 0.0010759, 0.0011094
 1, 0, 1.2000000000000002E-6, 0.0010759, 0.0010313
 1, 0, 1.0000000000000002E-6, 0.0010759, 8.964E-4
 1, 0, 1.4000000000000001E-6, 0.0010759, 0.0012816
 