131, 0, 0.0012279, 0.013741100000000001, 0.0019677
 131, 0, 0.0012169000000000001, 0.013741100000000001, 0.0020361
 131, 0, 0.0012785000000000001, 0.013741100000000001, 0.0019037
 131, 0, 0.0013950000000000002, 0.013741100000000001, 0.0019685
 131, 0, 0.0012053, 0.013741100000000001, 0.0019049
 131, 0, 0.0014341, 0.013741100000000001, 0.0021104
 131, 0, 0.0014656, 0.013741100000000001, 0.0020427
 131, 0, 0.0013138000000000002, 0.013741100000000001, 0.0019567
 131, 0, 0.0012362, 0.013741100000000001, 0.0022936
 131, 0, 0.0012696, 0.013741100000000001, 0.0020968
 131, 0, 0.0014286000000000001, 0.013741100000000001, 0.002023
 131, 0, 0.0014415, 0.013741100000000001, 0.0020107
 131, 0, 0.0014124, 0.013741100000000001, 0.0022669
 131, 0, 0.0013613000000000002, 0.013741100000000001, 0.0020231
 131, 0, 0.0012784, 0.013741100000000001, 0.0019499
 131, 0, 0.0012225, 0.013741100000000001, 0.0020516
 131, 0, 0.0013503, 0.013741100000000001, 0.0019952
 131, 0, 0.0012583000000000002, 0.013741100000000001, 0.0018656
 131, 0, 0.0012935000000000002, 0.013741100000000001, 0.0018819
 131, 0, 0.0013351, 0.013741100000000001, 0.0021237
 131, 0, 0.0014023, 0.013741100000000001, 0.0020409
 131, 0, 0.0012899, 0.013741100000000001, 0.0018567
 131, 12, 0.0017558, 0.003115, 0.0059022
 131, 12, 0.0015405000000000002, 0.0031814, 0.005709
 131, 12, 0.0017071, 0.0033204000000000003, 0.0060308
 131, 12, 0.0018013, 0.0033755, 0.0060878
 131, 12, 0.0013553, 0.0024094000000000003, 0.0045279
 131, 12, 9.413000000000001E-4, 0.0017117, 0.0031544
 131, 12, 9.078000000000001E-4, 0.0016765, 0.0030292
 131, 12, 0.0010208, 0.0016348, 0.0031136
 131, 12, 9.357E-4, 0.0016317, 0.003065
 131, 36, 0.0019956, 0.0069475000000000006, 0.0097956
 131, 36, 0.0012018, 0.005221900000000001, 0.0070032
 131, 36, 0.0019376, 0.009663600000000001, 0.0127181
 131, 36, 0.0019472, 0.0101916, 0.0134165
 131, 36, 0.0013142000000000002, 0.0063078000000000006, 0.008299
 131, 36, 0.0014246, 0.006386, 0.0085511
 131, 36, 0.0014389000000000001, 0.0064672, 0.0089386
 131, 60, 0.001494, 0.0120937, 0.01506
 131, 60, 0.0016353000000000001, 0.0111087, 0.0139616
 131, 60, 0.0017201, 0.0109793, 0.0134293
 131, 60, 0.0011059000000000002, 0.006681800000000001, 0.0082738
 131, 60, 8.595E-4, 0.0057406, 0.0070712
 131, 60, 9.379000000000001E-4, 0.005824200000000001, 0.007219
 131, 84, 0.0010058, 0.0084534, 0.0100403
 131, 84, 0.0010511000000000001, 0.0086011, 0.0101903
 131, 84, 8.967000000000001E-4, 0.0082985, 0.0099486
 131, 84, 9.379000000000001E-4, 0.0084034, 0.0098705
 131, 84, 9.335000000000001E-4, 0.0083326, 0.0097698
 131, 84, 8.785E-4, 0.0082503, 0.0096193
 131, 108, 9.719E-4, 0.011074200000000001, 0.0127702
 131, 108, 0.0010674, 0.0111912, 0.0129374
 131, 108, 0.0011762, 0.0114573, 0.01321
 131, 108, 0.0011164, 0.012154700000000001, 0.0140111
 131, 108, 0.0013445, 0.0122117, 0.0143953
 131, 132, 0.0013946000000000002, 0.0137392, 0.015907
 131, 132, 0.0013849, 0.0145135, 0.0167482
 131, 132, 0.0016526000000000002, 0.0163112, 0.0187718
 131, 132, 0.0014605, 0.0163953, 0.0186523
 131, 132, 0.0014667, 0.015120300000000001, 0.0173583
 131, 156, 0.0015798000000000001, 0.0190882, 0.0215604
 131, 156, 0.0015807000000000002, 0.0182154, 0.0207583
 131, 156, 0.0018752, 0.017966000000000003, 0.0206799
 131, 156, 0.0013111000000000002, 0.0179822, 0.0201049
 131, 180, 0.0015616, 0.024504900000000003, 0.0272538
 131, 180, 0.0015844000000000001, 0.0246945, 0.0272844
 131, 180, 0.0016456, 0.0329291, 0.03555
 131, 180, 0.0015881, 0.0239259, 0.0265523
 131, 204, 0.0016547, 0.0292051, 0.0320028
 131, 204, 0.0024799, 0.0395449, 0.0433239
 131, 204, 0.0013000000000000002, 0.0232499, 0.0254947
 131, 204, 0.0014895000000000002, 0.0225008, 0.0248304
 131, 228, 0.0020387, 0.0423523, 0.0456829
 131, 228, 0.0020404, 0.0284526, 0.0313137
 131, 228, 0.0017718, 0.0257982, 0.0283955
 131, 228, 0.0016823, 0.025699200000000002, 0.0282108
 131, 252, 0.0017918, 0.029462000000000002, 0.0321577
 131, 252, 0.001518, 0.0292132, 0.0316015
 131, 252, 0.0015148000000000002, 0.0294756, 0.031884
 131, 276, 0.0016501, 0.0327454, 0.0353644
 131, 276, 0.0017455, 0.033192200000000005, 0.0359331
 131, 276, 0.0017283, 0.0337557, 0.0364296
 131, 300, 0.0016412, 0.0364359, 0.0390926
 131, 300, 0.0016882000000000002, 0.035938700000000004, 0.0386184
 131, 300, 0.0015457000000000001, 0.0345323, 0.0370283
 131, 324, 0.0017344, 0.039332900000000004, 0.0421237
 131, 324, 0.0018181, 0.0390816, 0.0419512
 131, 324, 0.0018799, 0.038886000000000004, 0.0418517
 131, 348, 0.0018109, 0.044166800000000006, 0.0475904
 131, 348, 0.0018996000000000002, 0.0439183, 0.0469806
 131, 348, 0.0016673, 0.0481385, 0.0510742
 131, 372, 0.0019261, 0.0516476, 0.0547828
 131, 372, 0.0017404, 0.044944700000000004, 0.0477792
 131, 372, 0.010439400000000001, 0.048924800000000004, 0.0607287
 131, 396, 0.0012608, 0.051014800000000006, 0.0532952
 131, 396, 0.0010624, 0.051258500000000005, 0.0531877
 131, 396, 9.829E-4, 0.0742927, 0.0765744
 131, 420, 0.0015909000000000001, 0.0622667, 0.0649304
 131, 420, 0.0011565, 0.0739818, 0.076555
 131, 420, 0.0016622000000000002, 0.0836736, 0.0864668
 131, 444, 0.0010630000000000001, 0.055092300000000004, 0.0571199
 131, 444, 9.727000000000001E-4, 0.053992500000000006, 0.0560086
 131, 444, 0.0011384000000000001, 0.0694008, 0.071819
 131, 468, 0.0016, 0.0922394, 0.095349
 131, 468, 0.0016829000000000002, 0.0936145, 0.0965181
 131, 468, 0.0015154, 0.09376280000000001, 0.0965237
 131, 468, 0.0015408000000000002, 0.0665194, 0.0691642
 131, 468, 0.0011942, 0.0604536, 0.0627048
 131, 468, 0.0012076, 0.07304440000000001, 0.0755451
 131, 468, 0.0015864000000000002, 0.0953644, 0.098208
 131, 468, 0.0012239, 0.0586575, 0.0609097
 131, 468, 0.0012225, 0.07287550000000001, 0.0754906
 131, 468, 0.0016809000000000001, 0.1054007, 0.108174
 131, 468, 0.0010791000000000002, 0.059483600000000005, 0.0616198
 131, 468, 0.0010239000000000001, 0.05775, 0.0598473
 131, 468, 0.001052, 0.057840600000000006, 0.0599771
 131, 468, 0.0010396000000000001, 0.0591049, 0.0617263
 131, 468, 0.0010511000000000001, 0.057478100000000004, 0.0596395
 131, 468, 0.0010737000000000001, 0.0729144, 0.0757418
 131, 468, 0.0010961, 0.0597253, 0.0619192
 131, 468, 0.0011145, 0.060341000000000006, 0.0625652
 131, 468, 0.0010978000000000001, 0.0615259, 0.0637306
 131, 468, 0.0010207, 0.0577575, 0.0598428
 131, 468, 0.001142, 0.0670804, 0.0698376
 131, 468, 0.0013913, 0.057386400000000004, 0.0598415
 131, 468, 0.001471, 0.0587485, 0.0612759
 131, 468, 0.0010589, 0.0572717, 0.0594205
 131, 468, 0.0010284, 0.0580979, 0.0602431
 131, 468, 0.0010062, 0.05791520000000001, 0.0600343
 131, 468, 0.0010833000000000001, 0.057075100000000004, 0.0592333
 131, 468, 0.0010222, 0.057305600000000005, 0.0593939
 131, 468, 0.0010648, 0.0583105, 0.0606949
 131, 468, 0.001075, 0.0591857, 0.0614011
 131, 468, 0.0011443, 0.06296270000000001, 0.0652955
 131, 468, 0.001175, 0.0610587, 0.0634168
 131, 468, 0.0011558, 0.060688000000000006, 0.0629937
 131, 468, 0.0011038, 0.0639099, 0.0661843
 131, 468, 0.0012817, 0.061115800000000005, 0.0634482
 131, 468, 0.0013515, 0.0618789, 0.0643762
 131, 468, 0.0014167000000000001, 0.07864560000000001, 0.0811175
 131, 468, 0.0014116, 0.08143600000000001, 0.084143
 131, 468, 0.0012927000000000001, 0.06512140000000001, 0.067389
 131, 468, 0.0013390000000000001, 0.09160370000000001, 0.0941636
 131, 468, 0.0012191, 0.058317, 0.0605687
 131, 468, 0.0012901000000000002, 0.0846593, 0.0874163
 131, 468, 0.0016206, 0.09173640000000001, 0.0944182
 131, 468, 0.0016225, 0.09693940000000001, 0.0997747
 131, 468, 0.0014988, 0.0930937, 0.0956563
 131, 468, 0.0012346, 0.0648534, 0.0672239
 131, 468, 0.0013782, 0.08412560000000001, 0.0870459
 131, 468, 0.0017575000000000002, 0.09525650000000001, 0.0986055
 131, 468, 0.0018234000000000002, 0.09246850000000001, 0.0953551
 131, 468, 0.001275, 0.05945520000000001, 0.0619444
 131, 468, 0.0010605, 0.0629349, 0.0650585
 124, 468, 0.001134, 0.058453000000000005, 0.0627472
 121, 454, 0.0044665, 0.1004006, 0.1098507
 96, 448, 0.0019517000000000002, 0.0838145, 0.0957688
 96, 376, 0.0026485000000000002, 0.049039000000000006, 0.0543862
 96, 376, 0.0019549000000000003, 0.051536200000000004, 0.0552054
 96, 376, 0.0018715000000000001, 0.048475300000000006, 0.0518809
 96, 376, 0.0014371000000000002, 0.0484255, 0.0516607
 96, 376, 0.0016397, 0.048444, 0.0577251
 96, 376, 0.0015798000000000001, 0.048027, 0.0511763
 95, 376, 0.0016990000000000002, 0.0706373, 0.0749401
 95, 374, 0.0016594000000000001, 0.048207400000000004, 0.0512896
 95, 374, 0.0010722000000000001, 0.0474248, 0.0502597
 95, 374, 0.001064, 0.047669, 0.0501564
 94, 374, 0.0010753000000000002, 0.0519244, 0.0545384
 92, 372, 0.0010776000000000002, 0.0487606, 0.0514993
 87, 368, 0.0010681, 0.0473065, 0.0509445
 87, 358, 0.0010543, 0.045923900000000004, 0.0486095
 87, 358, 9.871E-4, 0.0482765, 0.0513381
 87, 358, 0.0017098, 0.049209, 0.0530165
 86, 358, 0.0011837, 0.054814600000000005, 0.0584177
 85, 356, 0.0010912, 0.0635938, 0.0668108
 85, 354, 9.424E-4, 0.0571887, 0.0600811
 85, 354, 9.597000000000001E-4, 0.0447638, 0.047518
 85, 354, 0.001029, 0.04483, 0.0472124
 85, 354, 9.264000000000001E-4, 0.044376000000000006, 0.0466355
 85, 354, 9.707E-4, 0.044835200000000006, 0.0470901
 85, 354, 9.474E-4, 0.0458247, 0.0483146
 85, 354, 9.415000000000001E-4, 0.0440954, 0.0468531
 85, 354, 9.236E-4, 0.058586900000000004, 0.0611222
 85, 354, 0.0010156, 0.0499744, 0.0524299
 85, 354, 0.0011298, 0.0495859, 0.0520114
 85, 354, 9.794E-4, 0.0627366, 0.065723
 85, 354, 0.0010556, 0.045529900000000005, 0.0479152
 85, 354, 0.0010667, 0.0455992, 0.0481629
 85, 354, 0.0011249, 0.045242300000000006, 0.0476749
 85, 354, 9.629E-4, 0.044792700000000005, 0.0470217
 85, 354, 0.001028, 0.048087500000000005, 0.0570942
 85, 354, 9.338E-4, 0.0454883, 0.0476226
 85, 354, 9.376E-4, 0.0441287, 0.0462653
 85, 354, 0.0010327000000000001, 0.045085400000000005, 0.0473506
 85, 354, 9.134000000000001E-4, 0.044816800000000004, 0.0470144
 85, 354, 0.001065, 0.0465123, 0.0493977
 85, 354, 9.94E-4, 0.045513200000000004, 0.0477651
 85, 354, 0.0010159000000000001, 0.0447098, 0.047231
 85, 354, 0.0012994, 0.0544368, 0.0571666
 85, 354, 0.0016284000000000001, 0.0486011, 0.0513234
 85, 354, 8.823E-4, 0.049052200000000004, 0.0510403
 85, 354, 9.622000000000001E-4, 0.0445604, 0.0466213
 85, 354, 9.263E-4, 0.0446968, 0.0467513
 85, 354, 8.945E-4, 0.0442098, 0.0463961
 84, 354, 9.337000000000001E-4, 0.0444618, 0.0468303
 84, 352, 8.931000000000001E-4, 0.044346800000000006, 0.0463204
 84, 352, 8.953E-4, 0.045403400000000003, 0.0476602
 84, 352, 0.0012936, 0.07873820000000001, 0.0818977
 84, 352, 0.0015515000000000001, 0.0615517, 0.0648511
 84, 352, 0.0013697000000000002, 0.0663502, 0.0692056
 83, 352, 9.595000000000001E-4, 0.043934100000000004, 0.0469766
 82, 340, 0.0010539, 0.0626372, 0.0662326
 82, 336, 0.0013059, 0.0637496, 0.0667267
 81, 336, 0.0012762000000000001, 0.0648953, 0.0683946
 81, 334, 0.0013034000000000001, 0.0640214, 0.0668977
 80, 334, 0.0014195000000000002, 0.07151500000000001, 0.0754902
 79, 332, 0.0016923, 0.09489230000000001, 0.0995323
 79, 330, 0.0020731, 0.052081, 0.0553196
 78, 330, 9.519000000000001E-4, 0.06482510000000001, 0.068776
 76, 326, 0.0015538000000000001, 0.06619030000000001, 0.0697696
 76, 318, 7.972000000000001E-4, 0.038573300000000005, 0.0406643
 72, 318, 0.0010175, 0.04812, 0.05072
 71, 304, 9.701000000000001E-4, 0.0407363, 0.0432366
 71, 300, 0.0010623, 0.047949900000000004, 0.0505493
 71, 304, 0.0013107000000000001, 0.05689350000000001, 0.0607209
 72, 306, 0.0017522000000000002, 0.041363000000000004, 0.0445107
 72, 308, 0.0015459, 0.0384429, 0.0411144
 72, 308, 9.010000000000001E-4, 0.037767, 0.0397251
 73, 310, 8.31E-4, 0.0376434, 0.0399384
 72, 306, 9.213E-4, 0.0413494, 0.0445863
 72, 300, 0.0011925, 0.0423395, 0.0446479
 72, 300, 0.0011122, 0.0516968, 0.0542007
 73, 302, 0.0012569, 0.0551395, 0.0584228
 73, 304, 0.0012217, 0.05701150000000001, 0.0598847
 72, 304, 0.0013131, 0.0571996, 0.0606257
 72, 300, 0.0012205, 0.0553219, 0.0579513
 72, 300, 0.0013097, 0.056064100000000006, 0.0587794
 72, 302, 0.0016143000000000002, 0.043535300000000006, 0.0464341
 72, 304, 8.590000000000001E-4, 0.044158300000000004, 0.0475005
 71, 296, 0.0011866000000000001, 0.0520568, 0.0556696
 70, 292, 0.0012738, 0.0445421, 0.0470188
 68, 288, 7.462E-4, 0.034478600000000005, 0.0370801
 68, 280, 8.532E-4, 0.0327842, 0.0346061
 68, 280, 7.728E-4, 0.0322784, 0.0342415
 68, 280, 7.265E-4, 0.0325019, 0.0343439
 68, 280, 0.0010958, 0.0448455, 0.047137
 68, 280, 0.0010958, 0.051927, 0.0543755
 68, 280, 0.0012128, 0.050346400000000006, 0.0529215
 68, 280, 0.0013755, 0.051992000000000003, 0.0548014
 68, 280, 0.0012785000000000001, 0.037753100000000005, 0.0400479
 68, 280, 8.787E-4, 0.045931700000000006, 0.04811
 68, 280, 0.0087045, 0.0504908, 0.0605295
 68, 280, 0.0014231, 0.0467901, 0.0495451
 68, 280, 0.0012387000000000001, 0.052536400000000004, 0.0551085
 68, 280, 0.0011494, 0.0510069, 0.0534564
 68, 280, 0.0012909, 0.052589800000000006, 0.0555121
 68, 280, 0.0013412, 0.045551600000000005, 0.0479668
 68, 280, 7.765000000000001E-4, 0.033509500000000005, 0.0353006
 68, 280, 7.813000000000001E-4, 0.0339287, 0.0355816
 68, 280, 7.998E-4, 0.0429569, 0.0450112
 68, 280, 0.0013125, 0.053244700000000006, 0.055849
 67, 280, 0.0012047000000000002, 0.046437700000000005, 0.0492345
 67, 276, 0.0012609000000000001, 0.051707, 0.0541755
 66, 276, 0.0012667000000000002, 0.037776000000000004, 0.0401418
 66, 272, 7.573E-4, 0.032271600000000004, 0.0338844
 65, 272, 7.585000000000001E-4, 0.0366878, 0.0383713
 65, 270, 8.547E-4, 0.044685100000000005, 0.0467028
 65, 270, 0.0013440000000000001, 0.050555, 0.0530878
 64, 270, 0.0011906, 0.0379267, 0.0402748
 63, 266, 8.136E-4, 0.0318434, 0.0338147
 63, 262, 9.248E-4, 0.0355086, 0.0373416
 63, 262, 9.567000000000001E-4, 0.0433117, 0.0453328
 62, 262, 0.0010843, 0.048313, 0.0509388
 61, 260, 0.0011697, 0.046039300000000005, 0.0487666
 59, 258, 0.0011524, 0.0519043, 0.0549799
 59, 250, 0.0015261, 0.0655739, 0.0685942
 59, 250, 0.0014841000000000001, 0.0463131, 0.0486927
 59, 250, 7.29E-4, 0.029269200000000002, 0.0308362
 59, 250, 7.584E-4, 0.028942000000000002, 0.030541
 58, 250, 7.67E-4, 0.0282384, 0.0299964
 57, 248, 7.342000000000001E-4, 0.028522400000000003, 0.0302122
 56, 246, 8.132E-4, 0.0277944, 0.0296563
 56, 244, 7.167E-4, 0.0263559, 0.027884
 56, 244, 7.509000000000001E-4, 0.026204400000000003, 0.0277633
 55, 244, 7.220000000000001E-4, 0.026405400000000002, 0.0280347
 55, 242, 7.435E-4, 0.0260901, 0.0276516
 55, 242, 7.326E-4, 0.029448600000000002, 0.0309809
 52, 242, 7.891E-4, 0.028123000000000002, 0.0308962
 50, 236, 0.00123, 0.0264483, 0.0295181
 50, 230, 9.956000000000001E-4, 0.026767600000000003, 0.0285677
 50, 230, 8.275E-4, 0.0262356, 0.0279229
 44, 230, 8.334000000000001E-4, 0.026263, 0.0298438
 44, 200, 7.741E-4, 0.021273800000000002, 0.0228194
 44, 200, 6.862000000000001E-4, 0.020825700000000003, 0.0222401
 44, 200, 7.751E-4, 0.022202200000000002, 0.0237522
 44, 200, 7.750000000000001E-4, 0.02195, 0.0235029
 44, 200, 7.447E-4, 0.0223316, 0.0238481
 42, 202, 7.376E-4, 0.022144200000000003, 0.0252915
 43, 188, 7.167E-4, 0.020999300000000002, 0.0233983
 43, 190, 7.117E-4, 0.020501400000000003, 0.0219759
 43, 192, 7.431E-4, 0.0206806, 0.0226591
 43, 192, 7.068E-4, 0.020843800000000003, 0.022309
 44, 194, 6.789000000000001E-4, 0.0208846, 0.023232
 44, 194, 8.965E-4, 0.0246489, 0.0264625
 44, 194, 7.314E-4, 0.023838900000000003, 0.0253457
 44, 194, 7.962000000000001E-4, 0.021794900000000002, 0.0233308
 45, 196, 7.101000000000001E-4, 0.020853200000000002, 0.0224946
 45, 198, 7.635000000000001E-4, 0.0216935, 0.0233198
 45, 198, 6.975000000000001E-4, 0.0216515, 0.023131
 45, 198, 7.315E-4, 0.0213914, 0.0228528
 45, 198, 7.356000000000001E-4, 0.021207300000000002, 0.0226997
 45, 198, 7.030000000000001E-4, 0.021228200000000003, 0.0226602
 45, 198, 7.103000000000001E-4, 0.022115700000000002, 0.0236067
 45, 198, 7.325000000000001E-4, 0.0205666, 0.0220548
 45, 198, 6.868E-4, 0.020289400000000003, 0.0216858
 45, 198, 6.7E-4, 0.0205463, 0.0219553
 45, 198, 6.758000000000001E-4, 0.0205813, 0.0219989
 44, 198, 7.179E-4, 0.0208997, 0.0244388
 44, 194, 7.893E-4, 0.0215534, 0.023115
 44, 194, 6.97E-4, 0.0230272, 0.024481
 44, 194, 6.911E-4, 0.0212472, 0.0226815
 43, 194, 7.205E-4, 0.0218555, 0.0235535
 42, 192, 6.816000000000001E-4, 0.020700100000000003, 0.0223223
 42, 190, 6.17E-4, 0.0203565, 0.0216949
 42, 190, 6.057E-4, 0.0208324, 0.0221714
 41, 190, 5.619E-4, 0.0202067, 0.0218262
 40, 184, 5.977E-4, 0.0198196, 0.0214592
 40, 182, 5.459E-4, 0.020848600000000002, 0.0221332
 39, 182, 6.453E-4, 0.022572000000000002, 0.0240727
 39, 180, 6.357E-4, 0.022072500000000002, 0.0235109
 38, 180, 5.491000000000001E-4, 0.0184349, 0.0197734
 38, 180, 5.524E-4, 0.018281500000000003, 0.0198505
 40, 180, 5.04E-4, 0.017680500000000002, 0.0198043
 40, 180, 5.126E-4, 0.0183245, 0.0195416
 40, 180, 5.548E-4, 0.0211384, 0.0225143
 40, 180, 7.012E-4, 0.0208517, 0.0223289
 40, 180, 6.034E-4, 0.0209306, 0.0223315
 40, 180, 0.005589200000000001, 0.0264642, 0.033001
 40, 180, 0.0016165, 0.0354555, 0.0380442
 40, 180, 8.209000000000001E-4, 0.029502800000000003, 0.0313906
 40, 180, 8.965E-4, 0.029494600000000003, 0.031675
 39, 180, 8.259000000000001E-4, 0.030697400000000003, 0.0330409
 39, 172, 6.291000000000001E-4, 0.018454500000000002, 0.0197642
 39, 172, 5.292000000000001E-4, 0.0176767, 0.0188984
 39, 172, 5.139000000000001E-4, 0.017852800000000002, 0.0191313
 39, 172, 5.242000000000001E-4, 0.017816600000000002, 0.0190086
 39, 172, 5.393E-4, 0.0176367, 0.0189079
 38, 172, 5.332000000000001E-4, 0.017674600000000002, 0.0190157
 37, 172, 5.19E-4, 0.0171247, 0.0187901
 37, 166, 4.8370000000000005E-4, 0.016908, 0.0180299
 35, 166, 5.009E-4, 0.0171111, 0.0183844
 35, 162, 5.293E-4, 0.016853700000000003, 0.0180064
 35, 162, 5.332000000000001E-4, 0.0162881, 0.0176262
 35, 164, 4.7900000000000004E-4, 0.016488000000000003, 0.0178574
 35, 162, 4.922E-4, 0.0185332, 0.0198447
 35, 162, 6.257000000000001E-4, 0.021870200000000003, 0.0233653
 33, 162, 6.207000000000001E-4, 0.021748800000000002, 0.0233696
 32, 160, 4.887E-4, 0.016355500000000002, 0.0177427
 32, 160, 4.4570000000000005E-4, 0.0158362, 0.0170953
 35, 163, 4.776E-4, 0.015585300000000002, 0.0168512
 35, 162, 5.194E-4, 0.0193976, 0.0208454
 35, 162, 6.209000000000001E-4, 0.022103900000000003, 0.0236605
 35, 162, 6.285E-4, 0.025472300000000003, 0.0270288
 35, 162, 7.761E-4, 0.031022900000000003, 0.0331447
 35, 162, 0.0012856, 0.0397835, 0.0424882
 35, 162, 0.0013486000000000001, 0.0357093, 0.0379111
 35, 162, 5.202000000000001E-4, 0.0174745, 0.018774
 35, 162, 4.7880000000000004E-4, 0.016656900000000002, 0.0177612
 35, 162, 5.388000000000001E-4, 0.0173309, 0.0185722
 34, 162, 5.421E-4, 0.0188393, 0.0201675
 34, 160, 5.015E-4, 0.018635500000000003, 0.0200179
 34, 160, 5.015E-4, 0.0208832, 0.0222345
 34, 160, 5.038E-4, 0.017091600000000002, 0.0184015
 34, 160, 5.791E-4, 0.0195389, 0.0208801
 34, 160, 5.832000000000001E-4, 0.020017800000000002, 0.0213117
 33, 160, 5.723000000000001E-4, 0.015995000000000002, 0.0174082
 33, 158, 4.940000000000001E-4, 0.015963400000000003, 0.0171419
 33, 158, 4.551E-4, 0.016001, 0.017084
 33, 158, 4.444E-4, 0.0157131, 0.0169019
 33, 158, 5.671000000000001E-4, 0.0216756, 0.0231733
 33, 158, 7.794000000000001E-4, 0.0256849, 0.0274653
 33, 158, 7.229000000000001E-4, 0.023814400000000003, 0.0253266
 31, 158, 4.7860000000000003E-4, 0.016073900000000002, 0.0174045
 34, 158, 5.009E-4, 0.0156402, 0.0169758
 33, 160, 5.413E-4, 0.017003400000000002, 0.0184325
 34, 158, 5.092E-4, 0.0159829, 0.0172577
 33, 158, 5.153E-4, 0.0160325, 0.0178055
 33, 150, 4.4320000000000004E-4, 0.0151874, 0.0162511
 33, 150, 4.312E-4, 0.015015500000000001, 0.0160341
 33, 150, 4.4940000000000003E-4, 0.0173482, 0.0184577
 33, 150, 4.5170000000000003E-4, 0.015362, 0.0164255
 32, 150, 4.5500000000000006E-4, 0.0152496, 0.0166649
 32, 140, 4.492E-4, 0.0138531, 0.0150384
 32, 140, 4.4760000000000004E-4, 0.0143321, 0.0153839
 32, 140, 4.1870000000000004E-4, 0.014370800000000001, 0.0154165
 32, 140, 4.1630000000000004E-4, 0.013840400000000001, 0.0148593
 32, 140, 4.7880000000000004E-4, 0.014239000000000002, 0.0153386
 32, 140, 4.691E-4, 0.014185000000000001, 0.0152818
 32, 140, 4.3380000000000003E-4, 0.014460700000000002, 0.015492
 32, 140, 4.4280000000000003E-4, 0.014196700000000001, 0.0152516
 32, 140, 4.113E-4, 0.014435900000000002, 0.0154484
 32, 140, 4.1820000000000003E-4, 0.0139933, 0.0149833
 32, 140, 4.3010000000000005E-4, 0.0139173, 0.014923
 32, 140, 4.6800000000000005E-4, 0.01391, 0.0149684
 32, 140, 4.107E-4, 0.014137, 0.0151488
 32, 140, 4.356E-4, 0.0140996, 0.0151178
 32, 140, 4.581E-4, 0.014287300000000001, 0.0153296
 32, 140, 4.889E-4, 0.013990500000000001, 0.0150859
 32, 140, 4.2530000000000004E-4, 0.014073500000000001, 0.0150949
 30, 140, 4.4940000000000003E-4, 0.0141895, 0.0156245
 30, 136, 4.201E-4, 0.013577400000000002, 0.0146094
 30, 136, 4.313E-4, 0.0133541, 0.0144504
 30, 136, 3.976E-4, 0.013541500000000001, 0.014848
 30, 136, 4.137E-4, 0.013743400000000001, 0.0147711
 30, 136, 4.112E-4, 0.013850500000000002, 0.0151567
 29, 136, 9.433000000000001E-4, 0.018702, 0.0206451
 29, 128, 4.2070000000000003E-4, 0.0136223, 0.0146468
 29, 128, 4.0480000000000003E-4, 0.013618300000000002, 0.0146264
 29, 128, 4.156E-4, 0.013103900000000002, 0.0141675
 29, 128, 4.003E-4, 0.0128334, 0.0139872
 29, 128, 3.999E-4, 0.012923700000000002, 0.0139084
 29, 128, 3.9620000000000004E-4, 0.012916700000000001, 0.0138898
 29, 128, 3.8E-4, 0.0131015, 0.0140992
 28, 128, 3.912E-4, 0.012691200000000001, 0.0140658
 28, 120, 3.6060000000000004E-4, 0.011940200000000002, 0.0128949
 27, 120, 3.9630000000000004E-4, 0.012101, 0.0133856
 27, 118, 3.62E-4, 0.0120648, 0.0130132
 27, 118, 4.5840000000000003E-4, 0.0119877, 0.0130066
 26, 118, 3.7630000000000004E-4, 0.012013800000000002, 0.0132787
 26, 114, 3.7640000000000004E-4, 0.011357, 0.0123258
 26, 114, 3.6090000000000004E-4, 0.011433700000000002, 0.0123491
 26, 114, 3.773E-4, 0.0111298, 0.0120552
 26, 114, 3.6550000000000005E-4, 0.0113208, 0.0122555
 26, 114, 4.155E-4, 0.0111915, 0.0122168
 26, 114, 3.5580000000000003E-4, 0.011199500000000001, 0.0121443
 24, 114, 3.506E-4, 0.011545300000000001, 0.0126315
 24, 110, 3.534E-4, 0.0108742, 0.0118391
 24, 110, 3.846E-4, 0.0109461, 0.0122443
 24, 110, 3.88E-4, 0.0116466, 0.0126667
 24, 110, 4.0350000000000005E-4, 0.0121259, 0.0131204
 24, 110, 3.933E-4, 0.011649300000000001, 0.0126446
 24, 110, 4.1920000000000005E-4, 0.011644100000000001, 0.0126634
 24, 110, 3.746E-4, 0.0114766, 0.0125107
 24, 110, 3.795E-4, 0.0111182, 0.0120991
 24, 110, 4.0090000000000004E-4, 0.011495, 0.012567
 24, 110, 3.88E-4, 0.011704500000000001, 0.0128683
 24, 110, 5.294000000000001E-4, 0.0113757, 0.0126081
 23, 110, 3.9830000000000003E-4, 0.011588500000000002, 0.0129368
 23, 108, 3.7440000000000005E-4, 0.011496600000000001, 0.0124726
 23, 108, 3.868E-4, 0.010994, 0.0119604
 22, 108, 3.9160000000000003E-4, 0.011211700000000002, 0.0123302
 22, 106, 4.4740000000000003E-4, 0.010772200000000001, 0.0118863
 22, 106, 4.193E-4, 0.011242700000000001, 0.0123091
 21, 106, 3.657E-4, 0.0111187, 0.0123873
 22, 104, 5.852E-4, 0.015386700000000001, 0.0170674
 22, 108, 5.395E-4, 0.0170178, 0.0192199
 22, 100, 5.332000000000001E-4, 0.016639900000000003, 0.0180342
 22, 100, 5.740000000000001E-4, 0.015506400000000002, 0.0171302
 23, 102, 5.17E-4, 0.016010200000000002, 0.0173759
 23, 102, 5.308E-4, 0.0164099, 0.017819
 23, 102, 5.431E-4, 0.0160171, 0.0173581
 22, 102, 5.689E-4, 0.0158808, 0.0176909
 22, 96, 5.76E-4, 0.015184300000000001, 0.0165852
 22, 96, 5.122E-4, 0.0154184, 0.0167135
 22, 96, 0.0011223000000000001, 0.017331000000000003, 0.0193759
 22, 96, 4.873E-4, 0.0152656, 0.0165269
 22, 96, 4.4080000000000004E-4, 0.0101092, 0.0111845
 22, 96, 3.4070000000000004E-4, 0.0099958, 0.0109932
 21, 96, 3.257E-4, 0.0094447, 0.0108299
 21, 90, 3.018E-4, 0.008759000000000001, 0.009626
 21, 90, 5.225000000000001E-4, 0.014001000000000001, 0.0154328
 21, 90, 3.754E-4, 0.0106615, 0.0116265
 21, 90, 3.03E-4, 0.0091903, 0.0100706
 21, 90, 3.334E-4, 0.0086616, 0.0095928
 21, 90, 2.965E-4, 0.009089100000000001, 0.0099606
 20, 90, 3.6710000000000003E-4, 0.0102453, 0.0113889
 20, 90, 3.1400000000000004E-4, 0.0100687, 0.0110209
 20, 90, 0.0060117, 0.0100067, 0.0165951
 20, 90, 4.137E-4, 0.012048900000000001, 0.0131124
 20, 90, 4.887E-4, 0.0138928, 0.0151187
 20, 90, 5.005000000000001E-4, 0.0140164, 0.0152722
 20, 90, 5.043000000000001E-4, 0.015174400000000001, 0.0165722
 19, 90, 7.435E-4, 0.0176259, 0.0198585
 19, 84, 5.784000000000001E-4, 0.016301200000000002, 0.0178096
 20, 86, 6.888E-4, 0.0162827, 0.018344
 20, 84, 5.845000000000001E-4, 0.015836, 0.0173288
 20, 84, 5.94E-4, 0.016995800000000002, 0.0185407
 22, 92, 6.405E-4, 0.0223087, 0.0263389
 22, 94, 6.363E-4, 0.019072600000000002, 0.0206625
 22, 94, 6.144000000000001E-4, 0.0190875, 0.0206247
 22, 94, 6.423E-4, 0.0184086, 0.020003
 22, 94, 5.0E-4, 0.014700800000000002, 0.0160112
 23, 98, 5.151E-4, 0.0158136, 0.019286
 23, 96, 9.697000000000001E-4, 0.0234869, 0.0256062
 22, 96, 7.980000000000001E-4, 0.023038600000000003, 0.0255152
 22, 88, 8.668E-4, 0.018729100000000002, 0.0204325
 22, 88, 3.8750000000000004E-4, 0.0098721, 0.0108158
 22, 88, 3.346E-4, 0.008528800000000001, 0.0093877
 22, 88, 4.941E-4, 0.0137388, 0.0149988
 22, 88, 4.7910000000000004E-4, 0.012018200000000001, 0.0131308
 22, 88, 3.31E-4, 0.009886200000000001, 0.0107588
 22, 88, 3.0960000000000004E-4, 0.0092381, 0.0100716
 22, 88, 3.1800000000000003E-4, 0.0107504, 0.0116837
 22, 88, 3.883E-4, 0.0104081, 0.0115898
 20, 88, 4.103E-4, 0.0106356, 0.0121704
 20, 82, 4.2810000000000005E-4, 0.0125033, 0.013661
 20, 82, 4.397E-4, 0.0127434, 0.0139867
 20, 82, 4.7010000000000004E-4, 0.0130907, 0.0143114
 19, 82, 4.6810000000000005E-4, 0.013148700000000001, 0.0147269
 19, 80, 3.4520000000000004E-4, 0.0083554, 0.009248
 19, 80, 3.478E-4, 0.0079822, 0.0088616
 19, 80, 3.0260000000000004E-4, 0.007855000000000001, 0.0087004
 19, 80, 4.112E-4, 0.0094234, 0.0105003
 19, 80, 3.6110000000000005E-4, 0.0104808, 0.0115323
 19, 80, 3.8320000000000004E-4, 0.010399400000000001, 0.0116322
 19, 80, 3.778E-4, 0.0092797, 0.0102407
 19, 80, 3.03E-4, 0.0084154, 0.0092807
 19, 80, 3.146E-4, 0.0086931, 0.0095797
 19, 80, 3.231E-4, 0.008486800000000001, 0.0093856
 19, 80, 3.793E-4, 0.008253100000000001, 0.0091831
 19, 80, 3.1620000000000004E-4, 0.0085311, 0.0094239
 19, 80, 3.797E-4, 0.0102713, 0.011384
 19, 80, 4.732E-4, 0.0115768, 0.0128301
 19, 80, 5.308E-4, 0.0116974, 0.0129541
 19, 80, 4.4800000000000005E-4, 0.012272600000000002, 0.0134348
 19, 80, 4.7290000000000006E-4, 0.012254200000000002, 0.0134595
 19, 80, 4.443E-4, 0.0125424, 0.0137663
 19, 80, 4.3230000000000005E-4, 0.013963600000000001, 0.0151183
 19, 80, 3.437E-4, 0.008389800000000001, 0.0093126
 18, 80, 6.769E-4, 0.018461400000000003, 0.0207907
 18, 78, 7.894E-4, 0.0183019, 0.0202317
 18, 78, 6.453E-4, 0.0180306, 0.0197609
 18, 78, 6.91E-4, 0.0183649, 0.0202199
 18, 78, 8.883000000000001E-4, 0.0182298, 0.0202166
 16, 78, 7.591000000000001E-4, 0.0121785, 0.0140432
 15, 74, 2.617E-4, 0.007123000000000001, 0.0080682
 18, 76, 3.021E-4, 0.0073362, 0.0105272
 18, 78, 3.166E-4, 0.0098318, 0.0107856
 18, 78, 4.623E-4, 0.0121545, 0.0133722
 18, 78, 4.5930000000000005E-4, 0.012342200000000001, 0.0135411
 18, 78, 4.1690000000000005E-4, 0.0124945, 0.0136961
 18, 78, 4.6520000000000003E-4, 0.011841500000000001, 0.0130673
 18, 78, 4.3230000000000005E-4, 0.012076100000000001, 0.0132518
 18, 78, 4.332E-4, 0.012199600000000001, 0.013364
 18, 78, 4.1880000000000004E-4, 0.012110200000000002, 0.0132697
 18, 78, 4.082E-4, 0.012677500000000001, 0.0138116
 18, 78, 4.3020000000000005E-4, 0.012014200000000001, 0.0132075
 18, 78, 4.554E-4, 0.012005, 0.0132674
 18, 78, 4.285E-4, 0.017598100000000002, 0.018825
 17, 78, 4.2750000000000004E-4, 0.011912200000000001, 0.0133072
 17, 76, 4.194E-4, 0.0117678, 0.0129073
 17, 76, 4.581E-4, 0.0114762, 0.0126599
 17, 76, 4.2270000000000003E-4, 0.0117316, 0.0129721
 17, 76, 4.3030000000000005E-4, 0.011604600000000001, 0.0127914
 17, 76, 4.461E-4, 0.012080100000000002, 0.0132523
 17, 76, 4.2110000000000004E-4, 0.011433800000000001, 0.0125687
 17, 76, 4.468E-4, 0.011926, 0.013112
 17, 76, 4.2790000000000005E-4, 0.0121147, 0.0132747
 17, 76, 4.7500000000000005E-4, 0.0115957, 0.0128343
 17, 76, 4.081E-4, 0.013783700000000001, 0.0147435
 17, 76, 2.9570000000000003E-4, 0.0076597, 0.0084497
 17, 76, 4.2140000000000005E-4, 0.011561100000000001, 0.0127023
 17, 76, 3.1620000000000004E-4, 0.008130100000000001, 0.0089951
 17, 76, 3.079E-4, 0.008755200000000001, 0.0096649
 17, 76, 3.612E-4, 0.0108381, 0.0119358
 17, 76, 4.7220000000000004E-4, 0.0116819, 0.0131554
 17, 76, 4.069E-4, 0.012059, 0.0131841
 17, 76, 4.4370000000000005E-4, 0.0115084, 0.0126825
 17, 76, 3.7430000000000005E-4, 0.0084414, 0.0093566
 17, 76, 4.427E-4, 0.0113881, 0.0125743
 17, 76, 4.1850000000000004E-4, 0.0116784, 0.0130222
 17, 76, 4.2580000000000005E-4, 0.0118154, 0.0129994
 17, 76, 4.154E-4, 0.0116404, 0.0128044
 17, 76, 4.3640000000000004E-4, 0.0117579, 0.0131956
 17, 76, 4.292E-4, 0.0116302, 0.0127803
 17, 76, 5.762E-4, 0.015122300000000002, 0.0167135
 17, 76, 5.521E-4, 0.0149566, 0.0164243
 17, 76, 5.095000000000001E-4, 0.0149954, 0.0164233
 17, 76, 5.096E-4, 0.014475600000000002, 0.0158924
 16, 76, 5.183000000000001E-4, 0.014793400000000002, 0.0166713
 16, 72, 4.203E-4, 0.0109441, 0.0121278
 16, 72, 3.976E-4, 0.0113448, 0.0124842
 16, 72, 3.9670000000000005E-4, 0.0114304, 0.0125308
 15, 72, 4.0330000000000005E-4, 0.0107122, 0.0121786
 15, 68, 3.837E-4, 0.0102778, 0.0116229
 15, 68, 3.886E-4, 0.0107349, 0.0118393
 15, 68, 3.8050000000000003E-4, 0.010457000000000001, 0.0115468
 14, 68, 2.861E-4, 0.0080031, 0.0091435
 14, 62, 5.061E-4, 0.0138682, 0.0154227
 14, 62, 5.239E-4, 0.014205, 0.0157317
 14, 62, 6.598E-4, 0.014328700000000002, 0.0160325
 14, 62, 0.0011139000000000001, 0.0167508, 0.0189759
 14, 62, 5.009E-4, 0.014189, 0.0157305
 14, 62, 5.039E-4, 0.0148105, 0.0163455
 14, 62, 4.849E-4, 0.014246600000000002, 0.0158173
 14, 62, 6.652E-4, 0.0113132, 0.0127517
 14, 62, 2.843E-4, 0.006600600000000001, 0.0073935
 14, 62, 2.367E-4, 0.0061789, 0.0069459
 14, 62, 2.821E-4, 0.0071783, 0.008024
 13, 62, 3.5150000000000003E-4, 0.0091026, 0.0105352
 13, 60, 3.301E-4, 0.008997400000000001, 0.0100264
 13, 60, 3.3590000000000003E-4, 0.0087232, 0.0098124
 13, 60, 2.722E-4, 0.0068853000000000004, 0.0077477
 13, 60, 3.343E-4, 0.0089073, 0.0099557
 13, 60, 3.098E-4, 0.008742600000000001, 0.0098016
 13, 60, 3.31E-4, 0.0089782, 0.0100407
 13, 60, 3.398E-4, 0.0092625, 0.0105047
 13, 60, 3.3650000000000005E-4, 0.0091147, 0.0101502
 13, 60, 3.525E-4, 0.009066300000000001, 0.0100343
 12, 60, 3.438E-4, 0.0093491, 0.0109192
 12, 52, 2.996E-4, 0.007747800000000001, 0.008693
 12, 52, 2.964E-4, 0.007582200000000001, 0.0085361
 12, 52, 2.991E-4, 0.007669700000000001, 0.0086394
 12, 52, 2.966E-4, 0.0079923, 0.0089453
 12, 52, 2.812E-4, 0.0076014, 0.0085483
 12, 52, 3.0280000000000004E-4, 0.007705000000000001, 0.0086837
 12, 52, 3.3610000000000004E-4, 0.007690000000000001, 0.0087005
 12, 52, 2.8470000000000004E-4, 0.007564, 0.0085205
 12, 52, 3.0000000000000003E-4, 0.0074165, 0.0083749
 12, 52, 2.989E-4, 0.0088853, 0.0101704
 12, 52, 4.73E-4, 0.012533200000000001, 0.0140923
 12, 52, 4.5660000000000004E-4, 0.0132654, 0.0147921
 12, 52, 6.306E-4, 0.0131725, 0.0149148
 12, 52, 6.013E-4, 0.0124221, 0.0141036
 12, 52, 7.522000000000001E-4, 0.0127849, 0.0145794
 12, 52, 4.7400000000000003E-4, 0.013480500000000001, 0.0150687
 11, 52, 6.167000000000001E-4, 0.011418600000000001, 0.0129747
 11, 50, 3.08E-4, 0.0071938, 0.0081787
 11, 50, 4.336E-4, 0.0074578000000000005, 0.0086
 10, 50, 3.0060000000000004E-4, 0.0070946, 0.0082148
 10, 48, 2.9780000000000003E-4, 0.0072512, 0.0082382
 10, 48, 2.754E-4, 0.007100700000000001, 0.0080808
 10, 48, 2.878E-4, 0.0070258000000000004, 0.0080231
 10, 48, 3.0910000000000003E-4, 0.006949, 0.0079316
 10, 48, 2.819E-4, 0.006880300000000001, 0.0078419
 10, 48, 3.038E-4, 0.006786400000000001, 0.0077586
 10, 48, 2.886E-4, 0.0067831, 0.0077425
 10, 48, 2.909E-4, 0.0070277000000000004, 0.0081322
 10, 48, 5.146E-4, 0.0113714, 0.0127208
 10, 48, 2.8490000000000004E-4, 0.006929800000000001, 0.0079625
 10, 48, 2.9130000000000003E-4, 0.007043300000000001, 0.0080549
 10, 48, 2.896E-4, 0.007110300000000001, 0.0080864
 10, 48, 2.752E-4, 0.007112200000000001, 0.0080841
 10, 48, 5.466000000000001E-4, 0.0091277, 0.0104717
 10, 48, 2.727E-4, 0.0072845, 0.0082373
 10, 48, 2.947E-4, 0.007167700000000001, 0.0082091
 10, 48, 3.154E-4, 0.0068836, 0.0078767
 10, 48, 2.8500000000000004E-4, 0.007141000000000001, 0.0081301
 10, 48, 2.925E-4, 0.0076156, 0.0086202
 10, 48, 3.489E-4, 0.0072093, 0.0082539
 10, 48, 2.794E-4, 0.007426100000000001, 0.0083804
 10, 48, 2.9600000000000004E-4, 0.0073571, 0.0083371
 10, 48, 2.795E-4, 0.0072316, 0.0081917
 10, 48, 4.4360000000000005E-4, 0.0071885000000000004, 0.0084213
 10, 48, 2.784E-4, 0.0071222, 0.0081128
 10, 48, 2.86E-4, 0.0068519, 0.0078218
 10, 48, 3.173E-4, 0.0070543, 0.0081198
 10, 48, 2.9370000000000004E-4, 0.007609800000000001, 0.0085893
 10, 48, 2.903E-4, 0.006904100000000001, 0.0078609
 10, 48, 2.924E-4, 0.0070908, 0.0080764
 10, 48, 2.81E-4, 0.0073092, 0.0082903
 10, 48, 3.575E-4, 0.007214300000000001, 0.008267
 10, 48, 2.728E-4, 0.007052500000000001, 0.0080158
 10, 48, 2.684E-4, 0.009099900000000001, 0.0101126
 10, 48, 2.3080000000000003E-4, 0.0081876, 0.0092236
 10, 48, 2.422E-4, 0.005450900000000001, 0.0062405
 10, 48, 4.036E-4, 0.0104148, 0.0114945
 10, 48, 2.8670000000000003E-4, 0.0069272000000000005, 0.0078828
 10, 48, 2.748E-4, 0.0068653, 0.0078101
 10, 48, 3.416E-4, 0.007797, 0.0090151
 10, 48, 2.73E-4, 0.0071653, 0.0082148
 10, 48, 2.79E-4, 0.0055821, 0.0065406
 9, 48, 2.2620000000000002E-4, 0.0059505, 0.0071305
 9, 42, 2.2740000000000003E-4, 0.0046896, 0.0054776
 8, 42, 2.254E-4, 0.0059207, 0.0069315
 8, 40, 2.3370000000000002E-4, 0.0054159, 0.0062956
 8, 40, 2.9E-4, 0.0054653, 0.0064125
 8, 40, 2.4410000000000002E-4, 0.0057276, 0.006645
 8, 40, 3.2700000000000003E-4, 0.0057773, 0.0068083
 7, 40, 2.562E-4, 0.0057172, 0.0071632
 7, 34, 2.1280000000000002E-4, 0.0056074, 0.0066464
 7, 34, 2.122E-4, 0.004667, 0.0055596
 7, 34, 2.0260000000000002E-4, 0.0046971, 0.0055202
 7, 34, 2.356E-4, 0.0038707000000000004, 0.0046642
 7, 34, 1.72E-4, 0.0037042000000000004, 0.0043777
 7, 34, 2.5E-4, 0.0066835, 0.0077044
 7, 34, 2.12E-4, 0.0047588000000000005, 0.0056251
 7, 34, 2.268E-4, 0.0049846000000000005, 0.0058725
 7, 34, 4.27E-4, 0.0051025, 0.0062246
 7, 34, 2.2390000000000002E-4, 0.0048135, 0.0057108
 7, 34, 1.999E-4, 0.0046208, 0.0054596
 7, 34, 3.7860000000000004E-4, 0.0077853, 0.0091832
 7, 34, 2.2370000000000002E-4, 0.0047416, 0.0056279
 6, 34, 2.4480000000000004E-4, 0.004713800000000001, 0.0059981
 6, 30, 3.6030000000000003E-4, 0.0043376000000000005, 0.0054194
 6, 30, 2.088E-4, 0.0042523000000000005, 0.0051733
 6, 30, 2.033E-4, 0.0042784, 0.0051281
 6, 30, 1.9280000000000002E-4, 0.0045152000000000005, 0.0054194
 7, 32, 2.124E-4, 0.0048517000000000005, 0.0079495
 7, 37, 2.481E-4, 0.005581900000000001, 0.0066174
 7, 37, 2.2E-4, 0.0056416, 0.0065272
 7, 37, 1.9840000000000002E-4, 0.0038538, 0.0045095
 8, 45, 1.485E-4, 0.0034589000000000004, 0.0060098
 8, 42, 1.864E-4, 0.004097, 0.0048054
 8, 42, 1.5910000000000002E-4, 0.0041102000000000005, 0.0047963
 8, 42, 1.887E-4, 0.0039173, 0.0045934
 8, 42, 1.576E-4, 0.0040895, 0.0047379
 8, 42, 1.582E-4, 0.0042268, 0.0048559
 8, 42, 3.1370000000000004E-4, 0.0040882, 0.0049118
 8, 42, 1.6920000000000002E-4, 0.0039302, 0.0046005
 8, 42, 1.611E-4, 0.003989, 0.004644
 8, 42, 1.655E-4, 0.004034, 0.0047945
 8, 42, 2.4200000000000003E-4, 0.0039759, 0.0047395
 8, 42, 1.639E-4, 0.0041002, 0.0047943
 8, 42, 1.6490000000000002E-4, 0.004204, 0.0049477
 8, 42, 1.8830000000000002E-4, 0.0042964000000000006, 0.0049867
 8, 42, 1.663E-4, 0.0038972000000000004, 0.0046188
 8, 42, 2.078E-4, 0.0040076, 0.004717
 8, 42, 1.812E-4, 0.0038529000000000002, 0.0045491
 8, 42, 1.631E-4, 0.0057444, 0.0064372
 8, 42, 1.6010000000000002E-4, 0.004148300000000001, 0.0048259
 8, 42, 1.787E-4, 0.0037846000000000004, 0.0045331
 8, 42, 2.529E-4, 0.004483, 0.0052873
 8, 42, 1.676E-4, 0.0041929, 0.004867
 8, 42, 1.6340000000000001E-4, 0.0040943, 0.0047657
 8, 42, 1.798E-4, 0.0059499, 0.0066446
 8, 42, 1.8050000000000002E-4, 0.0039656000000000005, 0.0046742
 8, 42, 1.675E-4, 0.0040581, 0.0047691
 8, 42, 2.088E-4, 0.0041869, 0.0049047
 8, 42, 1.75E-4, 0.0039904, 0.0046909
 8, 42, 1.7160000000000002E-4, 0.004364000000000001, 0.0050472
 8, 42, 1.8680000000000001E-4, 0.0042731, 0.0049776
 8, 42, 1.7270000000000002E-4, 0.0043008000000000005, 0.0050368
 8, 42, 1.8710000000000002E-4, 0.004220600000000001, 0.0049267
 7, 42, 1.7150000000000002E-4, 0.004282, 0.005283
 7, 34, 2.2060000000000002E-4, 0.0035773000000000003, 0.0043429
 7, 34, 1.6010000000000002E-4, 0.0034602, 0.0041382
 7, 34, 1.853E-4, 0.0038617, 0.0045764
 7, 34, 2.3510000000000002E-4, 0.0034285, 0.0042074
 7, 34, 2.167E-4, 0.0035857000000000003, 0.0043768
 7, 34, 2.567E-4, 0.005331300000000001, 0.0062364
 7, 34, 1.551E-4, 0.0033435, 0.0039892
 7, 34, 2.3080000000000003E-4, 0.0049885, 0.0057368
 7, 34, 1.483E-4, 0.0033605, 0.0040222
 7, 34, 1.56E-4, 0.004593300000000001, 0.0054245
 7, 34, 2.2380000000000002E-4, 0.0050079, 0.0057399
 7, 34, 1.5570000000000002E-4, 0.0032738000000000003, 0.0039339
 7, 34, 2.267E-4, 0.0034987000000000004, 0.0042441
 4, 34, 1.508E-4, 0.0035332000000000002, 0.0047069
 4, 20, 1.599E-4, 0.0021111000000000003, 0.0027715
 4, 20, 1.829E-4, 0.0032, 0.0040944
 4, 20, 2.65E-4, 0.0033658000000000004, 0.0042909
 4, 20, 1.1130000000000001E-4, 0.0019651, 0.0025967
 4, 20, 1.598E-4, 0.002477, 0.0032286
 4, 20, 1.5590000000000002E-4, 0.0024926, 0.0031625
 4, 20, 1.46E-4, 0.0029079, 0.0036809
 4, 20, 1.1630000000000001E-4, 0.0020265, 0.0026455
 4, 20, 1.261E-4, 0.0019284, 0.0025785
 3, 20, 1.026E-4, 0.0029043000000000003, 0.0050691
 3, 21, 9.54E-5, 0.0023617, 0.0030361
 3, 21, 1.0570000000000001E-4, 0.0020031000000000003, 0.0025923
 3, 21, 1.0180000000000001E-4, 0.002063, 0.0026706
 3, 21, 9.03E-5, 0.0025055000000000003, 0.0031632
 3, 21, 9.54E-5, 0.0019807, 0.0026633
 3, 21, 9.020000000000001E-5, 0.0020217, 0.0026411
 4, 27, 1.305E-4, 0.0035947, 0.0066162
 4, 26, 1.583E-4, 0.0051211, 0.0058267
 4, 26, 1.145E-4, 0.0026146000000000003, 0.0032862
 4, 26, 2.5810000000000004E-4, 0.0025676, 0.0034062
 5, 28, 1.094E-4, 0.0032430000000000002, 0.0041495
 5, 24, 1.46E-4, 0.0023742000000000004, 0.0031306
 5, 24, 2.156E-4, 0.0023771, 0.0030874
 5, 24, 1.384E-4, 0.0026092000000000003, 0.0033544
 5, 24, 1.3440000000000001E-4, 0.0023414, 0.002968
 5, 24, 1.352E-4, 0.0024802, 0.0031611
 5, 24, 1.284E-4, 0.0024512, 0.0031148
 5, 24, 1.31E-4, 0.0028087000000000003, 0.0034643
 5, 24, 1.416E-4, 0.0023259, 0.0029924
 5, 24, 1.269E-4, 0.0024854, 0.0031417
 5, 24, 1.918E-4, 0.0022916, 0.0029847
 5, 24, 1.2450000000000002E-4, 0.0021834000000000003, 0.0028023
 5, 24, 1.2240000000000002E-4, 0.0022209, 0.0028112
 5, 24, 1.195E-4, 0.0024975, 0.0030992
 5, 24, 1.408E-4, 0.0023081, 0.0029314
 5, 24, 1.178E-4, 0.0023334000000000002, 0.002924
 5, 24, 1.588E-4, 0.0023464000000000002, 0.0030136
 5, 24, 1.178E-4, 0.0024167000000000004, 0.0030363
 5, 24, 1.4460000000000002E-4, 0.0021946, 0.0028051
 5, 24, 1.253E-4, 0.0023190000000000003, 0.0029408
 5, 24, 1.2460000000000002E-4, 0.0021566000000000003, 0.0027501
 5, 24, 1.161E-4, 0.0023208, 0.0029564
 5, 24, 1.3440000000000001E-4, 0.007533300000000001, 0.0081052
 5, 24, 1.2440000000000002E-4, 0.0021116, 0.0027218
 5, 24, 1.1760000000000001E-4, 0.0020989000000000003, 0.0027138
 5, 24, 1.1520000000000001E-4, 0.0021113, 0.0026782
 5, 24, 1.1360000000000001E-4, 0.0021348, 0.0027416
 5, 24, 1.23E-4, 0.0023796, 0.0029846
 5, 24, 1.0760000000000001E-4, 0.0020674, 0.0025914
 5, 24, 1.216E-4, 0.0020976000000000002, 0.0026824
 5, 24, 1.2080000000000001E-4, 0.0023819, 0.003038
 5, 24, 1.364E-4, 0.002216, 0.0028302
 5, 24, 1.3570000000000002E-4, 0.0022512, 0.0028726
 5, 24, 1.332E-4, 0.0024942000000000002, 0.0031342
 5, 24, 1.249E-4, 0.0023214, 0.0029476
 5, 24, 1.366E-4, 0.0023739, 0.0030205
 5, 24, 1.225E-4, 0.0023869, 0.0030167
 5, 24, 1.3000000000000002E-4, 0.0022602, 0.0028679
 5, 24, 1.465E-4, 0.0028092, 0.0034706
 5, 24, 1.237E-4, 0.002439, 0.003096
 5, 24, 3.3170000000000004E-4, 0.0035453000000000004, 0.0045376
 5, 24, 4.062E-4, 0.0051395, 0.0064066
 5, 24, 1.539E-4, 0.0033681, 0.004153
 5, 24, 1.609E-4, 0.0043955, 0.0053592
 5, 24, 1.608E-4, 0.0035841000000000002, 0.0044005
 5, 24, 2.771E-4, 0.0037114, 0.0046533
 5, 24, 1.4000000000000001E-4, 0.0031694, 0.0039372
 5, 24, 1.432E-4, 0.0027806000000000003, 0.0035184
 5, 24, 2.144E-4, 0.0031246000000000004, 0.0039497
 5, 24, 3.188E-4, 0.0034873, 0.0044398
 5, 24, 1.6240000000000002E-4, 0.0034170000000000003, 0.0042017
 5, 24, 3.1390000000000004E-4, 0.0034561, 0.0044
 5, 24, 1.72E-4, 0.0033645000000000003, 0.0041948
 5, 24, 1.6370000000000002E-4, 0.0032956, 0.0040948
 5, 24, 2.685E-4, 0.0058642, 0.0071315
 5, 24, 2.472E-4, 0.0057405, 0.0070805
 5, 24, 2.566E-4, 0.005992300000000001, 0.0072533
 5, 24, 2.641E-4, 0.0053714, 0.006495
 5, 24, 2.434E-4, 0.005601, 0.0067222
 5, 24, 2.638E-4, 0.0059751000000000005, 0.0072496
 5, 24, 2.486E-4, 0.005739200000000001, 0.006883
 5, 24, 2.857E-4, 0.0058507, 0.0070608
 5, 24, 2.456E-4, 0.0055544, 0.006764
 5, 24, 2.636E-4, 0.0058945, 0.0070341
 5, 24, 2.3630000000000002E-4, 0.0056477, 0.0068247
 5, 24, 2.618E-4, 0.005682400000000001, 0.0069744
 5, 24, 2.681E-4, 0.0056023, 0.006973
 5, 24, 3.546E-4, 0.0058281, 0.0070942
 5, 24, 2.561E-4, 0.0057033000000000006, 0.0068177
 5, 24, 2.5360000000000004E-4, 0.005923, 0.0071489
 5, 24, 2.541E-4, 0.006912700000000001, 0.008327
 5, 24, 2.546E-4, 0.0055929000000000005, 0.0067119
 5, 24, 2.6940000000000004E-4, 0.0060118, 0.0074254
 5, 24, 2.538E-4, 0.0057318000000000004, 0.0068315
 5, 24, 2.816E-4, 0.005534000000000001, 0.006671
 5, 24, 2.53E-4, 0.005710000000000001, 0.0069326
 5, 24, 2.657E-4, 0.0060197, 0.0071664
 5, 24, 2.562E-4, 0.005438500000000001, 0.0065617
 5, 24, 2.485E-4, 0.0055114000000000005, 0.0066204
 5, 24, 2.95E-4, 0.00566, 0.006909
 5, 24, 2.527E-4, 0.0062077, 0.0073513
 5, 24, 2.482E-4, 0.0055192, 0.0066178
 5, 24, 2.585E-4, 0.005458800000000001, 0.0066143
 5, 24, 2.499E-4, 0.005465800000000001, 0.0065966
 5, 24, 2.482E-4, 0.0058674, 0.0073409
 5, 24, 2.452E-4, 0.0056274, 0.0067422
 5, 24, 2.473E-4, 0.0056625, 0.0067895
 5, 24, 2.563E-4, 0.005698900000000001, 0.0069844
 5, 24, 2.4300000000000002E-4, 0.0058059, 0.0069169
 5, 24, 2.7130000000000004E-4, 0.0057922, 0.0069751
 5, 24, 4.492E-4, 0.0095645, 0.0111965
 5, 24, 2.7780000000000003E-4, 0.005653900000000001, 0.0068509
 5, 24, 2.8480000000000004E-4, 0.005483900000000001, 0.0066469
 5, 24, 2.5760000000000003E-4, 0.0095828, 0.0107623
 5, 24, 2.424E-4, 0.0057552, 0.0068728
 5, 24, 2.483E-4, 0.0059062, 0.0074235
 5, 24, 2.836E-4, 0.0056671000000000004, 0.0068375
 5, 24, 2.4880000000000003E-4, 0.0055462, 0.0066643
 5, 24, 2.709E-4, 0.0056147, 0.006739
 5, 24, 2.571E-4, 0.005936100000000001, 0.0074858
 5, 24, 2.523E-4, 0.0057123, 0.0068294
 5, 24, 2.453E-4, 0.0057758, 0.0068785
 5, 24, 2.5580000000000004E-4, 0.005712200000000001, 0.0068418
 5, 24, 1.488E-4, 0.0032743000000000004, 0.0040544
 5, 24, 2.8460000000000003E-4, 0.0055753, 0.0067171
 5, 24, 2.521E-4, 0.005762300000000001, 0.006905
 5, 24, 2.501E-4, 0.0057444, 0.0069481
 5, 24, 2.5770000000000003E-4, 0.0056886, 0.0068719
 5, 24, 3.8550000000000005E-4, 0.0055580000000000004, 0.0068453
 5, 24, 2.524E-4, 0.005725200000000001, 0.0068891
 5, 24, 2.498E-4, 0.0055011, 0.0066883
 5, 24, 2.4280000000000002E-4, 0.0058776, 0.0070415
 5, 24, 2.7E-4, 0.005710300000000001, 0.0069538
 5, 24, 3.0230000000000003E-4, 0.0055166, 0.006712
 5, 24, 2.5130000000000004E-4, 0.0057508, 0.0069876
 5, 24, 5.231000000000001E-4, 0.0055683, 0.0069414
 5, 24, 2.478E-4, 0.005755000000000001, 0.0068678
 5, 24, 2.7990000000000003E-4, 0.0058113, 0.0070832
 5, 24, 1.8350000000000002E-4, 0.0039763, 0.0048686
 5, 24, 2.923E-4, 0.0024281000000000003, 0.0032134
 5, 24, 2.324E-4, 0.003395, 0.0042408
 5, 24, 1.673E-4, 0.0034618, 0.0044033
 5, 24, 1.688E-4, 0.0033976, 0.0043358
 5, 24, 1.7160000000000002E-4, 0.0032982000000000003, 0.0041265
 5, 24, 1.64E-4, 0.0033554, 0.0041437
 4, 24, 3.111E-4, 0.0034141, 0.0051625
 4, 18, 1.3020000000000002E-4, 0.0024958000000000003, 0.0032485
 4, 18, 1.767E-4, 0.0024761, 0.0032373
 4, 18, 1.33E-4, 0.0026124, 0.0033728
 4, 18, 1.286E-4, 0.0024577, 0.0031967
 4, 18, 1.7E-4, 0.0025761, 0.0033398
 4, 18, 2.816E-4, 0.002573, 0.0034782
 4, 18, 1.3690000000000002E-4, 0.0024490000000000002, 0.003198
 4, 18, 1.4130000000000002E-4, 0.0025692, 0.003495
 4, 18, 1.32E-4, 0.0024775, 0.0032251
 4, 18, 1.3240000000000002E-4, 0.0025313, 0.0033202
 4, 18, 1.744E-4, 0.0031946, 0.004116
 4, 18, 4.7500000000000005E-4, 0.0046725000000000004, 0.0061896
 3, 18, 3.5600000000000003E-4, 0.0041444, 0.005488
 3, 16, 1.809E-4, 0.0037422, 0.0050222
 3, 16, 5.063E-4, 0.006161000000000001, 0.0080272
 3, 16, 2.245E-4, 0.0038501000000000004, 0.0049214
 3, 16, 1.754E-4, 0.0037322, 0.0049199
 3, 16, 1.787E-4, 0.0036738, 0.0047433
 3, 16, 1.7700000000000002E-4, 0.0038139000000000003, 0.0048444
 3, 16, 1.9390000000000002E-4, 0.0036174, 0.0046573
 3, 16, 1.9160000000000002E-4, 0.003709, 0.0048118
 3, 16, 1.931E-4, 0.0038908000000000002, 0.0049417
 3, 16, 2.548E-4, 0.0038386, 0.0054572
 3, 16, 2.747E-4, 0.0036819, 0.0048382
 3, 16, 1.957E-4, 0.0036914, 0.0047558
 3, 16, 1.873E-4, 0.0036427, 0.004707
 3, 16, 2.325E-4, 0.0037034000000000004, 0.004815
 3, 16, 2.1290000000000002E-4, 0.0043014, 0.0054561
 3, 16, 2.0250000000000002E-4, 0.0043454, 0.0055164
 3, 16, 2.2400000000000002E-4, 0.0043042, 0.0054412
 3, 16, 2.02E-4, 0.0042309, 0.0053552
 3, 16, 2.043E-4, 0.0046341, 0.0057711
 3, 16, 2.041E-4, 0.0043466, 0.005516
 3, 16, 2.0690000000000001E-4, 0.0043131, 0.0054707
 3, 16, 2.1070000000000003E-4, 0.0046554000000000005, 0.005846
 3, 16, 2.1500000000000002E-4, 0.0042683, 0.0053729
 3, 16, 2.119E-4, 0.004384300000000001, 0.0055277
 3, 16, 2.123E-4, 0.0043403, 0.0054746
 3, 16, 2.4680000000000004E-4, 0.0042982, 0.00548
 3, 16, 2.0360000000000002E-4, 0.0044411, 0.0055531
 3, 16, 2.0710000000000002E-4, 0.004344000000000001, 0.0055123
 3, 16, 1.9920000000000002E-4, 0.0042516, 0.0053616
 3, 16, 2.0710000000000002E-4, 0.0042784, 0.0054391
 3, 16, 1.128E-4, 0.0021389, 0.002843
 3, 16, 2.157E-4, 0.0042119, 0.0054064
 3, 16, 2.0960000000000003E-4, 0.0043549, 0.0055078
 3, 16, 2.258E-4, 0.0031865, 0.0041791
 3, 16, 1.155E-4, 0.0021667, 0.0028682
 3, 16, 1.145E-4, 0.0022255, 0.0029403
 3, 16, 1.663E-4, 0.0022574, 0.0030727
 3, 16, 1.226E-4, 0.0023171000000000003, 0.0030459
 3, 16, 1.1920000000000001E-4, 0.0022822000000000003, 0.003003
 3, 16, 1.2550000000000001E-4, 0.0022029000000000003, 0.0029409
 3, 16, 2.6940000000000004E-4, 0.0023638, 0.0032588
 3, 16, 2.0910000000000001E-4, 0.0041791, 0.0052925
 3, 16, 1.9830000000000002E-4, 0.0043893000000000005, 0.0055142
 3, 16, 2.097E-4, 0.0046455, 0.0060163
 3, 16, 1.996E-4, 0.004214900000000001, 0.0053133
 2, 16, 2.2410000000000003E-4, 0.0044175, 0.0066372
 2, 4, 8.59E-5, 0.0012663000000000002, 0.0022619
 2, 4, 9.300000000000001E-5, 0.0010709, 0.0020677
 2, 4, 1.596E-4, 0.0010479, 0.0020887
 2, 4, 1.332E-4, 0.0010489, 0.0022487
 2, 4, 1.3450000000000002E-4, 0.001812, 0.0032767
 2, 4, 1.2880000000000001E-4, 0.0017196000000000002, 0.0051514
 2, 4, 1.398E-4, 0.0017654, 0.0030101
 2, 4, 9.750000000000001E-5, 0.0010044000000000001, 0.00195
 2, 4, 1.1310000000000001E-4, 0.0017439, 0.0028433
 2, 4, 1.3130000000000002E-4, 0.0017584, 0.0030394
 2, 4, 2.3600000000000002E-4, 0.0016877, 0.0030312
 2, 4, 1.4140000000000002E-4, 0.0017262, 0.0036399
 2, 4, 9.680000000000001E-5, 0.0010845, 0.0020515
 2, 4, 9.14E-5, 0.0011131000000000001, 0.0019942
 2, 4, 6.09E-5, 5.649E-4, 0.0012307
 2, 4, 8.78E-5, 0.0010860000000000002, 0.002034
 2, 4, 8.72E-5, 0.0010774, 0.0020192
 2, 4, 8.580000000000001E-5, 0.0011125, 0.0020543
 2, 4, 8.900000000000001E-5, 0.0010239000000000001, 0.0019434
 2, 4, 8.65E-5, 0.001126, 0.0020739
 2, 4, 9.6E-5, 0.0011977000000000001, 0.0021517
 2, 4, 8.59E-5, 0.0012242000000000002, 0.0022123
 2, 4, 8.59E-5, 0.0012323, 0.0020933
 2, 4, 5.8E-5, 6.275E-4, 0.0013731
 2, 4, 2.2360000000000001E-4, 5.48E-4, 0.0015281
 2, 4, 5.3700000000000004E-5, 5.552E-4, 0.0012248
 2, 4, 7.010000000000001E-5, 5.501E-4, 0.0012458
 2, 4, 9.850000000000001E-5, 7.980000000000001E-4, 0.0015909
 2, 4, 7.92E-5, 9.219E-4, 0.0018156
 2, 4, 8.5E-5, 0.0012015, 0.0021104
 2, 4, 1.1860000000000001E-4, 9.458000000000001E-4, 0.0018927
 2, 4, 7.94E-5, 0.0010974000000000001, 0.0020833
 2, 4, 1.1650000000000001E-4, 0.0010516, 0.0020016
 2, 4, 9.510000000000001E-5, 0.0010382, 0.0019716
 2, 4, 7.83E-5, 9.656E-4, 0.0018148
 2, 4, 1.1640000000000001E-4, 0.0021354, 0.0037148
 2, 4, 7.72E-5, 0.0010785, 0.0019584
 1, 4, 8.21E-5, 8.918000000000001E-4, 0.0023093
 1, 0, 8.000000000000001E-7, 8.918000000000001E-4, 0.0011328
 1, 0, 8.000000000000001E-7, 8.918000000000001E-4, 0.0011532
 1, 0, 1.4000000000000001E-6, 8.918000000000001E-4, 8.753E-4
 1, 0, 8.000000000000001E-7, 8.918000000000001E-4, 8.732E-4
 1, 0, 1.0000000000000002E-6, 8.918000000000001E-4, 7.954E-4
 1, 0, 9.000000000000001E-7, 8.918000000000001E-4, 9.768E-4
 1, 0, 6.000000000000001E-7, 8.918000000000001E-4, 7.945E-4
 1, 0, 1.4000000000000001E-6, 8.918000000000001E-4, 9.929E-4
 1, 0, 1.4000000000000001E-6, 8.918000000000001E-4, 0.0012098
 1, 0, 8.000000000000001E-7, 8.918000000000001E-4, 8.016E-4
 1, 0, 6.000000000000001E-7, 8.918000000000001E-4, 7.739E-4
 1, 0, 8.000000000000001E-7, 8.918000000000001E-4, 8.361E-4
 1, 0, 8.000000000000001E-7, 8.918000000000001E-4, 8.369E-4
 1, 0, 9.000000000000001E-7, 8.918000000000001E-4, 8.382E-4
 1, 0, 9.000000000000001E-7, 8.918000000000001E-4, 0.0010089
 1, 0, 6.000000000000001E-7, 8.918000000000001E-4, 6.759E-4
 1, 0, 5.000000000000001E-7, 8.918000000000001E-4, 6.675E-4
 1, 0, 5.000000000000001E-7, 8.918000000000001E-4, 6.464E-4
 1, 0, 1.3E-6, 8.918000000000001E-4, 9.043E-4
 1, 0, 1.0000000000000002E-6, 8.918000000000001E-4, 0.0011846
 1, 0, 1.5E-6, 8.918000000000001E-4, 0.0010683
 1, 0, 5.000000000000001E-7, 8.918000000000001E-4, 6.778E-4
 1, 0, 6.000000000000001E-7, 8.918000000000001E-4, 7.391E-4
 1, 0, 5.000000000000001E-7, 8.918000000000001E-4, 6.517E-4
 1, 0, 6.000000000000001E-7, 8.918000000000001E-4, 6.914E-4
 1, 0, 7.000000000000001E-7, 8.918000000000001E-4, 6.984E-4
 1, 0, 1.6000000000000001E-6, 8.918000000000001E-4, 0.0011521
 1, 0, 1.0000000000000002E-6, 8.918000000000001E-4, 9.301E-4
 1, 0, 8.000000000000001E-7, 8.918000000000001E-4, 8.331E-4
 1, 0, 7.000000000000001E-7, 8.918000000000001E-4, 7.018E-4
 1, 0, 6.000000000000001E-7, 8.918000000000001E-4, 9.065E-4
 1, 0, 1.2000000000000002E-6, 8.918000000000001E-4, 0.0011357
 1, 0, 1.0000000000000002E-6, 8.918000000000001E-4, 0.0013314
 1, 0, 6.000000000000001E-7, 8.918000000000001E-4, 6.78E-4
 1, 0, 7.000000000000001E-7, 8.918000000000001E-4, 6.837E-4
 1, 0, 9.000000000000001E-7, 8.918000000000001E-4, 8.203E-4
 1, 0, 1.1E-6, 8.918000000000001E-4, 8.807E-4
 1, 0, 1.0000000000000002E-6, 8.918000000000001E-4, 9.68E-4
 1, 0, 8.000000000000001E-7, 8.918000000000001E-4, 0.0010145
 1, 0, 8.000000000000001E-7, 8.918000000000001E-4, 0.0010293
 1, 0, 9.000000000000001E-7, 8.918000000000001E-4, 0.0010466
 1, 0, 9.000000000000001E-7, 8.918000000000001E-4, 0.0010626
 1, 0, 8.000000000000001E-7, 8.918000000000001E-4, 0.0010232
 1, 0, 8.000000000000001E-7, 8.918000000000001E-4, 9.996E-4
 1, 0, 4.0000000000000003E-7, 8.918000000000001E-4, 5.659E-4
 1, 0, 3.0000000000000004E-7, 8.918000000000001E-4, 5.94E-4
 1, 0, 6.000000000000001E-7, 8.918000000000001E-4, 8.522E-4
 1, 0, 9.000000000000001E-7, 8.918000000000001E-4, 0.0010159
 1, 0, 9.000000000000001E-7, 8.918000000000001E-4, 8.56E-4
 1, 0, 8.000000000000001E-7, 8.918000000000001E-4, 8.722E-4
 1, 0, 8.000000000000001E-7, 8.918000000000001E-4, 8.709E-4
 1, 0, 7.000000000000001E-7, 8.918000000000001E-4, 8.285E-4
 1, 0, 8.000000000000001E-7, 8.918000000000001E-4, 9.525E-4
 1, 0, 9.000000000000001E-7, 8.918000000000001E-4, 9.118E-4
 1, 0, 9.000000000000001E-7, 8.918000000000001E-4, 8.581E-4
 1, 0, 9.000000000000001E-7, 8.918000000000001E-4, 9.082E-4
 1, 0, 7.000000000000001E-7, 8.918000000000001E-4, 8.622E-4
 1, 0, 1.0000000000000002E-6, 8.918000000000001E-4, 8.599E-4
 1, 0, 1.0000000000000002E-6, 8.918000000000001E-4, 9.267E-4
 1, 0, 8.000000000000001E-7, 8.918000000000001E-4, 8.814E-4
 1, 0, 6.000000000000001E-7, 8.918000000000001E-4, 0.0011085
 1, 0, 8.000000000000001E-7, 8.918000000000001E-4, 0.0011169
 1, 0, 7.000000000000001E-7, 8.918000000000001E-4, 0.0011217
 1, 0, 7.000000000000001E-7, 8.918000000000001E-4, 0.0010461
 1, 0, 7.000000000000001E-7, 8.918000000000001E-4, 0.0010083
 1, 0, 8.000000000000001E-7, 8.918000000000001E-4, 8.829E-4
 1, 0, 8.000000000000001E-7, 8.918000000000001E-4, 8.078E-4
 1, 0, 9.000000000000001E-7, 8.918000000000001E-4, 8.538E-4
 1, 0, 8.000000000000001E-7, 8.918000000000001E-4, 9.028E-4
 1, 0, 7.000000000000001E-7, 8.918000000000001E-4, 9.965E-4
 1, 0, 1.3E-6, 8.918000000000001E-4, 0.0011559
 1, 0, 1.1E-6, 8.918000000000001E-4, 0.0010514
 1, 0, 8.000000000000001E-7, 8.918000000000001E-4, 0.0010153
 1, 0, 6.000000000000001E-7, 8.918000000000001E-4, 9.246E-4
 1, 0, 1.0000000000000002E-6, 8.918000000000001E-4, 0.0011329
 1, 0, 9.000000000000001E-7, 8.918000000000001E-4, 9.08E-4
 1, 0, 9.000000000000001E-7, 8.918000000000001E-4, 0.0010042
 1, 0, 7.000000000000001E-7, 8.918000000000001E-4, 9.632E-4
 1, 0, 6.000000000000001E-7, 8.918000000000001E-4, 0.0010251
 1, 0, 8.000000000000001E-7, 8.918000000000001E-4, 9.122E-4
 1, 0, 6.000000000000001E-7, 8.918000000000001E-4, 8.658E-4
 1, 0, 8.000000000000001E-7, 8.918000000000001E-4, 9.943E-4
 1, 0, 7.000000000000001E-7, 8.918000000000001E-4, 0.0010018
 1, 0, 9.000000000000001E-7, 8.918000000000001E-4, 0.0010064
 1, 0, 9.000000000000001E-7, 8.918000000000001E-4, 0.0010067
 1, 0, 8.000000000000001E-7, 8.918000000000001E-4, 9.519E-4
 1, 0, 9.000000000000001E-7, 8.918000000000001E-4, 0.0010311
 1, 0, 7.000000000000001E-7, 8.918000000000001E-4, 8.037E-4
 1, 0, 5.000000000000001E-7, 8.918000000000001E-4, 5.824E-4
 1, 0, 5.000000000000001E-7, 8.918000000000001E-4, 6.334E-4
 1, 0, 5.000000000000001E-7, 8.918000000000001E-4, 5.773E-4
 1, 0, 5.000000000000001E-7, 8.918000000000001E-4, 5.886E-4
 1, 0, 5.000000000000001E-7, 8.918000000000001E-4, 5.707E-4
 1, 0, 4.0000000000000003E-7, 8.918000000000001E-4, 4.812E-4
 1, 0, 7.000000000000001E-7, 8.918000000000001E-4, 5.836E-4
 1, 0, 4.0000000000000003E-7, 8.918000000000001E-4, 5.711E-4
 1, 0, 7.000000000000001E-7, 8.918000000000001E-4, 5.824E-4
 1, 0, 5.000000000000001E-7, 8.918000000000001E-4, 5.933E-4
 1, 0, 4.0000000000000003E-7, 8.918000000000001E-4, 5.705E-4
 1, 0, 7.000000000000001E-7, 8.918000000000001E-4, 5.878E-4
 1, 0, 5.000000000000001E-7, 8.918000000000001E-4, 5.58E-4
 1, 0, 4.0000000000000003E-7, 8.918000000000001E-4, 5.706E-4
 1, 0, 3.0000000000000004E-7, 8.918000000000001E-4, 5.097E-4
 1, 0, 2.0000000000000002E-7, 8.918000000000001E-4, 4.413E-4
 1, 0, 2.0000000000000002E-7, 8.918000000000001E-4, 4.857E-4
 1, 0, 4.0000000000000003E-7, 8.918000000000001E-4, 5.779E-4
 1, 0, 4.0000000000000003E-7, 8.918000000000001E-4, 5.659E-4
 1, 0, 6.000000000000001E-7, 8.918000000000001E-4, 7.058E-4
 1, 0, 4.0000000000000003E-7, 8.918000000000001E-4, 5.532E-4
 1, 0, 5.000000000000001E-7, 8.918000000000001E-4, 5.367E-4
 1, 0, 5.000000000000001E-7, 8.918000000000001E-4, 6.753E-4
 1, 0, 5.000000000000001E-7, 8.918000000000001E-4, 6.802E-4
 1, 0, 4.0000000000000003E-7, 8.918000000000001E-4, 6.092E-4
 1, 0, 5.000000000000001E-7, 8.918000000000001E-4, 6.164E-4
 1, 0, 9.000000000000001E-7, 8.918000000000001E-4, 7.08E-4
 1, 0, 5.000000000000001E-7, 8.918000000000001E-4, 4.396E-4
 1, 0, 4.0000000000000003E-7, 8.918000000000001E-4, 4.605E-4
 1, 0, 6.000000000000001E-7, 8.918000000000001E-4, 5.904E-4
 1, 0, 5.000000000000001E-7, 8.918000000000001E-4, 5.224E-4
 1, 0, 3.0000000000000004E-7, 8.918000000000001E-4, 4.792E-4
 1, 0, 4.0000000000000003E-7, 8.918000000000001E-4, 4.437E-4
 1, 0, 5.000000000000001E-7, 8.918000000000001E-4, 5.439E-4
 1, 0, 5.000000000000001E-7, 8.918000000000001E-4, 6.028E-4
 1, 0, 5.000000000000001E-7, 8.918000000000001E-4, 5.279E-4
 1, 0, 4.0000000000000003E-7, 8.918000000000001E-4, 5.224E-4
 1, 0, 5.000000000000001E-7, 8.918000000000001E-4, 5.953E-4
 1, 0, 5.000000000000001E-7, 8.918000000000001E-4, 5.767E-4
 1, 0, 9.000000000000001E-7, 8.918000000000001E-4, 8.443E-4
 1, 0, 5.000000000000001E-7, 8.918000000000001E-4, 5.253E-4
 1, 0, 5.000000000000001E-7, 8.918000000000001E-4, 5.282E-4
 1, 0, 6.000000000000001E-7, 8.918000000000001E-4, 5.297E-4
 1, 0, 4.0000000000000003E-7, 8.918000000000001E-4, 5.812E-4
 1, 0, 7.000000000000001E-7, 8.918000000000001E-4, 0.0010743
 1, 0, 7.000000000000001E-7, 8.918000000000001E-4, 8.75E-4
 1, 0, 1.0000000000000002E-6, 8.918000000000001E-4, 8.276E-4
 1, 0, 6.000000000000001E-7, 8.918000000000001E-4, 8.443E-4
 1, 0, 9.000000000000001E-7, 8.918000000000001E-4, 8.445E-4
 1, 0, 8.000000000000001E-7, 8.918000000000001E-4, 9.008E-4
 1, 0, 8.000000000000001E-7, 8.918000000000001E-4, 8.967E-4
 1, 0, 7.000000000000001E-7, 8.918000000000001E-4, 0.0010047
 1, 0, 8.000000000000001E-7, 8.918000000000001E-4, 9.054E-4
 1, 0, 8.000000000000001E-7, 8.918000000000001E-4, 9.107E-4
 1, 0, 8.000000000000001E-7, 8.918000000000001E-4, 8.271E-4
 1, 0, 7.000000000000001E-7, 8.918000000000001E-4, 9.87E-4
 1, 0, 7.000000000000001E-7, 8.918000000000001E-4, 9.696E-4
 1, 0, 9.000000000000001E-7, 8.918000000000001E-4, 8.439E-4
 1, 0, 8.000000000000001E-7, 8.918000000000001E-4, 8.615E-4
 1, 0, 6.000000000000001E-7, 8.918000000000001E-4, 9.137E-4
 1, 0, 6.000000000000001E-7, 8.918000000000001E-4, 7.906E-4
 1, 0, 7.000000000000001E-7, 8.918000000000001E-4, 8.124E-4
 1, 0, 8.000000000000001E-7, 8.918000000000001E-4, 9.699E-4
 1, 0, 8.000000000000001E-7, 8.918000000000001E-4, 0.0010469
 1, 0, 9.000000000000001E-7, 8.918000000000001E-4, 9.161E-4
 1, 0, 7.000000000000001E-7, 8.918000000000001E-4, 8.44E-4
 1, 0, 8.000000000000001E-7, 8.918000000000001E-4, 9.492E-4
 1, 0, 8.000000000000001E-7, 8.918000000000001E-4, 0.0010903
 1, 0, 8.000000000000001E-7, 8.918000000000001E-4, 0.0010088
 1, 0, 7.000000000000001E-7, 8.918000000000001E-4, 0.001065
 1, 0, 7.000000000000001E-7, 8.918000000000001E-4, 8.638E-4
 1, 0, 8.000000000000001E-7, 8.918000000000001E-4, 9.013E-4
 1, 0, 8.000000000000001E-7, 8.918000000000001E-4, 8.566E-4
 1, 0, 7.000000000000001E-7, 8.918000000000001E-4, 8.728E-4
 1, 0, 8.000000000000001E-7, 8.918000000000001E-4, 9.902E-4
 1, 0, 8.000000000000001E-7, 8.918000000000001E-4, 8.682E-4
 1, 0, 7.000000000000001E-7, 8.918000000000001E-4, 7.229E-4
 1, 0, 6.000000000000001E-7, 8.918000000000001E-4, 7.304E-4
 1, 0, 5.000000000000001E-7, 8.918000000000001E-4, 7.127E-4
 1, 0, 6.000000000000001E-7, 8.918000000000001E-4, 6.998E-4
 1, 0, 5.000000000000001E-7, 8.918000000000001E-4, 7.01E-4
 1, 0, 8.000000000000001E-7, 8.918000000000001E-4, 7.004E-4
 1, 0, 6.000000000000001E-7, 8.918000000000001E-4, 6.82E-4
 1, 0, 6.000000000000001E-7, 8.918000000000001E-4, 7.415E-4
 1, 0, 7.000000000000001E-7, 8.918000000000001E-4, 7.067E-4
 1, 0, 6.000000000000001E-7, 8.918000000000001E-4, 7.98E-4
 1, 0, 7.000000000000001E-7, 8.918000000000001E-4, 0.0010585
 1, 0, 7.000000000000001E-7, 8.918000000000001E-4, 0.001086
 1, 0, 1.3E-6, 8.918000000000001E-4, 0.0011597
 1, 0, 8.000000000000001E-7, 8.918000000000001E-4, 9.02E-4
 1, 0, 1.0000000000000002E-6, 8.918000000000001E-4, 7.487E-4
 1, 0, 9.000000000000001E-7, 8.918000000000001E-4, 6.808E-4
 1, 0, 3.0000000000000004E-7, 8.918000000000001E-4, 4.476E-4
 