#bodies, #contacts, detection, warmstart, LCPSolve, updateCollections, contactOrdering, singleItPGS, merging, mergingCheckContacts, mergingCheckMotion, mergingCheckViolation, mergingCheckCycle, mergingBuild, unmerging, unmergingCheckContacts, unmergingCheckMotion, unmergingCheckCycle, unmergingBuild, computeTime
 136, 1543, 9.906000000000001E-4, 9.954E-4, 0.2481856, 0.0, 2.076E-4, 0.0012596, 8.61E-5, 0.0, 0.0, 2.6400000000000052E-5, 0.0, 0.0, 3.12E-5, 0.0, 0.0, 0.0, 0.0, 0.2532139
 74, 900, 0.0016441000000000001, 0.0016807, 0.28880710000000004, 0.0, 2.076E-4, 0.0012596, 0.0080632, 6.079999999999997E-5, 1.46E-5, 1.8600000000000008E-5, 3.5999999999999973E-6, 0.0021551999999999995, 6.89E-5, 0.0, 0.0, 0.0, 0.0, 0.3050062
 74, 895, 9.065000000000001E-4, 0.0010715, 0.1587957, 0.0013683, 2.224E-4, 9.007E-4, 3.49E-5, 0.0, 0.0, 0.0, 0.0, 0.0, 1.3759999999999998E-4, 0.0, 0.0, 0.0, 1.0E-6, 0.1644324
 65, 782, 8.387000000000001E-4, 9.013E-4, 0.151145, 0.0012559000000000001, 2.1590000000000002E-4, 7.869000000000001E-4, 0.0012773, 8.899999999999998E-6, 3.5E-6, 2.6000000000000005E-6, 4.0E-7, 5.778E-4, 8.83E-5, 0.0, 0.0, 0.0, 1.1E-6, 0.1572861
 65, 792, 7.767000000000001E-4, 7.643E-4, 0.13480640000000002, 0.0014868000000000001, 2.945E-4, 9.122000000000001E-4, 3.66E-5, 0.0, 0.0, 4.0E-7, 0.0, 0.0, 1.022E-4, 0.0, 0.0, 0.0, 1.1E-6, 0.1396993
 60, 727, 7.212000000000001E-4, 6.47E-4, 0.1530579, 0.0017082000000000002, 2.8680000000000003E-4, 0.0011018, 6.735E-4, 6.0E-6, 1.5999999999999997E-6, 2.8000000000000003E-6, 3.0E-7, 3.443E-4, 1.151E-4, 0.0, 0.0, 0.0, 1.5E-6, 0.1585268
 60, 732, 7.594E-4, 5.067E-4, 0.12195210000000001, 0.0014327, 1.9830000000000002E-4, 9.435000000000001E-4, 2.89E-5, 0.0, 0.0, 3.0E-7, 0.0, 0.0, 1.044E-4, 0.0, 0.0, 0.0, 1.0E-6, 0.1261273
 58, 708, 7.718E-4, 5.692E-4, 0.1457698, 0.0015196, 2.2040000000000002E-4, 8.94E-4, 3.128E-4, 4.2999999999999995E-6, 7.0E-7, 1.6E-6, 1.0E-7, 1.503E-4, 1.0949999999999999E-4, 0.0, 0.0, 0.0, 1.4E-6, 0.1505759
 57, 696, 7.599000000000001E-4, 6.167E-4, 0.140181, 0.0016408000000000002, 2.333E-4, 9.305E-4, 1.855E-4, 3.0E-6, 9.0E-7, 4.0E-7, 1.0E-7, 8.86E-5, 1.191E-4, 0.0, 0.0, 0.0, 1.4E-6, 0.1449055
 56, 684, 6.249000000000001E-4, 5.108E-4, 0.11582680000000001, 0.0014974, 1.963E-4, 0.0010523000000000002, 2.128E-4, 3.5E-6, 1.0E-6, 5.0E-7, 2.0E-7, 9.21E-5, 1.143E-4, 0.0, 0.0, 0.0, 1.0E-6, 0.1200941
 54, 660, 6.449E-4, 6.9E-4, 0.1525503, 0.0014413000000000002, 2.21E-4, 9.255000000000001E-4, 3.956E-4, 2.2199999999999998E-5, 3.56E-5, 4.0E-7, 3.0E-7, 1.873E-4, 1.165E-4, 0.0, 0.0, 0.0, 1.1E-6, 0.1576504
 53, 648, 7.382E-4, 4.769E-4, 0.11297320000000001, 0.0014744, 2.124E-4, 0.0010036, 1.77E-4, 1.0E-7, 4.0E-7, 1.0E-7, 0.0, 9.03E-5, 1.158E-4, 0.0, 0.0, 0.0, 1.4E-6, 0.1174819
 51, 624, 6.069000000000001E-4, 8.186E-4, 0.12099720000000001, 0.0014806, 3.0890000000000003E-4, 9.117000000000001E-4, 4.596E-4, 5.0E-7, 9.0E-7, 5.0E-7, 3.0E-7, 2.479E-4, 1.9910000000000001E-4, 0.0, 0.0, 0.0, 1.3E-6, 0.1262199
 50, 612, 8.010000000000001E-4, 5.749E-4, 0.15037260000000002, 0.0019301000000000001, 2.542E-4, 0.0012974, 1.761E-4, 1.0E-7, 5.0E-7, 1.0E-7, 0.0, 9.53E-5, 4.165E-4, 0.0, 0.0, 0.0, 2.4E-6, 0.156042
 47, 576, 4.4370000000000005E-4, 4.458E-4, 0.1026981, 0.0011438000000000002, 1.6790000000000002E-4, 7.657E-4, 4.438E-4, 4.0E-7, 8.0E-7, 5.0E-7, 1.0E-7, 2.2669999999999998E-4, 1.014E-4, 0.0, 0.0, 0.0, 1.0E-6, 0.1063738
 46, 564, 4.7060000000000005E-4, 7.211E-4, 0.0998455, 0.0011859000000000001, 1.2230000000000002E-4, 8.186000000000001E-4, 1.813E-4, 2.0E-7, 6.0E-7, 1.0E-7, 0.0, 1.0E-4, 1.9270000000000002E-4, 0.0, 0.0, 0.0, 1.1E-6, 0.1040844
 45, 552, 4.941E-4, 4.464E-4, 0.13401280000000002, 0.0012783, 1.7570000000000002E-4, 8.608000000000001E-4, 1.835E-4, 1.0E-7, 5.0E-7, 1.0E-7, 0.0, 1.082E-4, 1.277E-4, 0.0, 0.0, 0.0, 1.1E-6, 0.1378405
 45, 552, 4.6340000000000004E-4, 5.449E-4, 0.11872120000000001, 0.0011759000000000001, 1.616E-4, 7.908E-4, 4.91E-5, 0.0, 0.0, 0.0, 0.0, 0.0, 1.626E-4, 0.0, 0.0, 0.0, 1.2E-6, 0.1227914
 44, 540, 7.124000000000001E-4, 8.171E-4, 0.1356956, 0.0016185000000000001, 2.28E-4, 0.0011004, 3.165E-4, 2.0E-7, 5.0E-7, 2.0E-7, 1.0E-7, 2.367E-4, 1.7779999999999998E-4, 0.0, 0.0, 0.0, 2.1E-6, 0.1408519
 44, 540, 5.359000000000001E-4, 3.729E-4, 0.1175022, 0.0017567000000000001, 1.933E-4, 0.0012896000000000001, 2.02E-5, 0.0, 0.0, 0.0, 0.0, 0.0, 1.516E-4, 0.0, 0.0, 0.0, 1.5E-6, 0.1215716
 43, 528, 5.443000000000001E-4, 2.735E-4, 0.12258830000000001, 0.001729, 1.788E-4, 0.0012865, 1.569E-4, 2.0E-7, 6.0E-7, 1.0E-7, 0.0, 8.58E-5, 1.4250000000000002E-4, 0.0, 0.0, 0.0, 1.2E-6, 0.1266333
 42, 516, 4.328E-4, 1.666E-4, 0.0880658, 0.0010998000000000002, 1.2910000000000002E-4, 7.596E-4, 1.727E-4, 2.0E-7, 6.0E-7, 1.0E-7, 0.0, 9.57E-5, 1.0640000000000001E-4, 0.0, 0.0, 0.0, 1.0E-6, 0.0910494
 41, 504, 3.911E-4, 1.733E-4, 0.08646190000000001, 0.0012864, 1.508E-4, 8.867E-4, 1.657E-4, 3.0E-7, 7.0E-7, 4.0E-7, 0.0, 6.83E-5, 1.226E-4, 0.0, 0.0, 0.0, 1.0E-6, 0.0896807
 40, 492, 4.27E-4, 2.443E-4, 0.1076474, 0.0013414000000000002, 1.755E-4, 9.097E-4, 1.783E-4, 2.0E-7, 5.0E-7, 2.0E-7, 1.0E-7, 1.107E-4, 1.2370000000000003E-4, 0.0, 0.0, 0.0, 1.3E-6, 0.1110456
 39, 480, 3.885E-4, 2.676E-4, 0.08936290000000001, 0.0012142000000000001, 1.5570000000000002E-4, 8.171000000000001E-4, 1.422E-4, 3.0E-7, 5.0E-7, 1.0E-7, 0.0, 7.16E-5, 1.372E-4, 0.0, 0.0, 0.0, 9.0E-7, 0.0925701
 37, 456, 5.452E-4, 2.024E-4, 0.0845034, 0.0038654, 1.5590000000000002E-4, 0.0034422000000000003, 3.96E-4, 4.0E-7, 1.1E-6, 4.0E-7, 1.0E-7, 1.716E-4, 1.464E-4, 0.0, 0.0, 0.0, 1.4E-6, 0.0911593
 35, 432, 3.948E-4, 2.636E-4, 0.07844430000000001, 0.0011994, 1.476E-4, 8.097E-4, 2.19E-4, 3.0E-7, 8.0E-7, 3.0E-7, 2.0E-7, 1.158E-4, 1.225E-4, 0.0, 0.0, 0.0, 1.1E-6, 0.0818214
 34, 420, 4.954E-4, 1.894E-4, 0.07980860000000001, 0.0017475000000000001, 2.747E-4, 0.0011663, 1.39E-4, 1.0E-7, 6.0E-7, 1.0E-7, 0.0, 7.74E-5, 1.5429999999999998E-4, 0.0, 0.0, 0.0, 1.4E-6, 0.0837137
 33, 408, 3.3850000000000004E-4, 1.98E-4, 0.07369790000000001, 0.0014627000000000002, 1.775E-4, 9.831E-4, 1.348E-4, 3.0E-7, 5.0E-7, 2.0E-7, 1.0E-7, 7.51E-5, 1.4020000000000002E-4, 0.0, 0.0, 0.0, 1.4E-6, 0.076886
 32, 396, 2.929E-4, 1.986E-4, 0.1042039, 0.0014618, 2.041E-4, 9.228000000000001E-4, 1.614E-4, 2.0E-7, 6.0E-7, 2.0E-7, 1.0E-7, 9.07E-5, 2.146E-4, 0.0, 0.0, 0.0, 1.3E-6, 0.1075117
 31, 384, 3.0730000000000004E-4, 1.607E-4, 0.06871970000000001, 0.0012345000000000001, 1.776E-4, 7.932000000000001E-4, 1.429E-4, 2.0E-7, 5.0E-7, 2.0E-7, 0.0, 8.1E-5, 1.8539999999999998E-4, 0.0, 0.0, 0.0, 6.4E-6, 0.0716454
 29, 360, 4.091E-4, 2.458E-4, 0.1045452, 0.0022429, 2.527E-4, 0.0015024, 4.19E-4, 5.0E-7, 1.2999999999999998E-6, 6.0E-7, 0.0, 2.25E-4, 1.428E-4, 0.0, 0.0, 0.0, 6.0E-7, 0.1093183
 27, 336, 5.293E-4, 2.513E-4, 0.098676, 0.002645, 4.036E-4, 0.0016227000000000001, 2.276E-4, 3.1E-6, 8.0E-7, 4.0E-7, 1.0E-7, 1.413E-4, 2.608E-4, 0.0, 0.0, 0.0, 1.1E-6, 0.1037864
 25, 312, 4.4380000000000005E-4, 2.007E-4, 0.055990700000000004, 0.0018329000000000002, 5.46E-4, 0.0010011, 2.075E-4, 3.0E-7, 9.0E-7, 4.0E-7, 2.0E-7, 1.311E-4, 1.103E-4, 0.0, 0.0, 0.0, 4.0E-7, 0.0596312
 24, 300, 2.63E-4, 1.487E-4, 0.055346700000000006, 0.0015842, 9.65E-5, 0.0010796, 1.756E-4, 3.0E-7, 2.0E-7, 8.0E-7, 1.0E-7, 1.071E-4, 1.349E-4, 0.0, 0.0, 0.0, 7.0E-7, 0.058531
 20, 264, 2.575E-4, 1.94E-4, 0.0518001, 0.0016452, 1.2660000000000001E-4, 0.0010421, 2.97E-4, 5.0E-7, 9.0E-7, 1.0E-6, 1.0E-7, 1.993E-4, 1.5570000000000002E-4, 0.0, 0.0, 0.0, 3.0E-7, 0.0550218
 16, 204, 2.564E-4, 1.475E-4, 0.0463943, 0.0017736000000000002, 1.083E-4, 0.0011219000000000001, 5.001E-4, 7.0E-7, 1.1E-6, 6.0E-7, 0.0, 3.7630000000000004E-4, 1.483E-4, 0.0, 0.0, 0.0, 6.0E-7, 0.0499574
 13, 168, 2.2270000000000002E-4, 1.252E-4, 0.0450177, 0.0016560000000000001, 1.7690000000000002E-4, 0.0010282000000000002, 5.025E-4, 7.0E-7, 1.6E-6, 9.0E-7, 3.0E-7, 3.886E-4, 1.963E-4, 0.0, 0.0, 0.0, 5.0E-7, 0.0485565
 8, 108, 2.119E-4, 1.103E-4, 0.040858700000000005, 0.0020353000000000003, 1.5230000000000002E-4, 0.0014641, 6.217E-4, 1.1E-6, 6.099999999999999E-6, 1.6E-6, 3.0E-7, 4.8029999999999997E-4, 2.102E-4, 0.0, 0.0, 0.0, 6.0E-7, 0.044878
 7, 96, 1.325E-4, 7.53E-5, 0.025326400000000002, 0.0020333, 1.483E-4, 0.0013689000000000002, 1.914E-4, 4.0E-7, 1.2E-6, 2.0E-7, 1.0E-7, 1.425E-4, 1.8370000000000002E-4, 0.0, 0.0, 0.0, 6.0E-7, 0.0287599
 5, 72, 1.216E-4, 5.6E-5, 0.022230200000000002, 0.0021452000000000003, 2.0850000000000003E-4, 0.0014183000000000002, 2.806E-4, 5.0E-7, 1.2999999999999998E-6, 5.0E-7, 1.0E-7, 2.2689999999999999E-4, 1.927E-4, 0.0, 0.0, 0.0, 5.0E-7, 0.02565
 5, 72, 9.89E-5, 5.56E-5, 0.0167192, 0.0020694000000000003, 1.343E-4, 0.0014928, 1.51E-5, 0.0, 0.0, 0.0, 0.0, 0.0, 2.1690000000000001E-4, 0.0, 0.0, 0.0, 6.0E-7, 0.0197679
 3, 48, 1.011E-4, 5.61E-5, 0.0163828, 0.0019304, 1.2030000000000001E-4, 0.0013965000000000002, 2.742E-4, 6.0E-7, 8.0E-7, 3.0E-7, 0.0, 2.262E-4, 2.1020000000000001E-4, 0.0, 0.0, 0.0, 5.0E-7, 0.0195113
 3, 48, 9.95E-5, 2.91E-5, 0.0108267, 0.0021442, 1.475E-4, 0.0015028, 1.23E-5, 0.0, 0.0, 0.0, 0.0, 0.0, 2.088E-4, 0.0, 0.0, 0.0, 8.0E-7, 0.0139021
 2, 36, 1.375E-4, 2.0E-5, 0.011125300000000001, 0.0020526000000000003, 1.2440000000000002E-4, 0.0014737, 1.634E-4, 3.0E-7, 1.0E-6, 1.0E-7, 0.0, 1.34E-4, 1.894E-4, 0.0, 0.0, 0.0, 5.0E-7, 0.0142167
 2, 36, 3.4E-5, 1.22E-5, 0.008311500000000001, 0.0021751, 1.2570000000000002E-4, 0.0015023, 1.43E-5, 0.0, 0.0, 0.0, 0.0, 0.0, 2.128E-4, 0.0, 0.0, 0.0, 5.0E-7, 0.0113748
 2, 36, 2.5500000000000003E-5, 1.13E-5, 0.0078878, 0.0017091, 1.004E-4, 0.0011794000000000002, 1.21E-5, 0.0, 0.0, 0.0, 0.0, 0.0, 1.767E-4, 0.0, 0.0, 0.0, 4.0E-7, 0.0102229
 2, 36, 2.6700000000000002E-5, 1.18E-5, 0.007935300000000001, 0.0017438000000000002, 9.83E-5, 0.0012613000000000001, 1.21E-5, 0.0, 0.0, 0.0, 0.0, 0.0, 1.8270000000000002E-4, 0.0, 0.0, 0.0, 5.0E-7, 0.0103907
 2, 36, 3.19E-5, 1.42E-5, 0.007808000000000001, 0.0022261, 1.8010000000000001E-4, 0.0014856000000000001, 1.22E-5, 0.0, 0.0, 0.0, 0.0, 0.0, 2.763E-4, 0.0, 0.0, 0.0, 6.0E-7, 0.0108391
 2, 36, 2.58E-5, 1.19E-5, 0.0078656, 0.0018173000000000002, 1.0750000000000001E-4, 0.0012236, 1.19E-5, 0.0, 0.0, 0.0, 0.0, 0.0, 1.7690000000000002E-4, 0.0, 0.0, 0.0, 5.0E-7, 0.0102985
 2, 36, 3.3600000000000004E-5, 1.36E-5, 0.0079441, 0.0018801000000000002, 1.0920000000000001E-4, 0.0013535, 1.21E-5, 0.0, 0.0, 0.0, 0.0, 0.0, 1.963E-4, 0.0, 0.0, 0.0, 4.0E-7, 0.0105104
 2, 36, 3.94E-5, 1.53E-5, 0.0079755, 0.0018971, 1.1190000000000001E-4, 0.0013039, 1.21E-5, 0.0, 0.0, 0.0, 0.0, 0.0, 2.042E-4, 0.0, 0.0, 0.0, 6.0E-7, 0.0106203
 2, 36, 3.41E-5, 1.42E-5, 0.0079845, 0.0019745, 1.448E-4, 0.0012997, 1.29E-5, 0.0, 0.0, 0.0, 0.0, 0.0, 2.387E-4, 0.0, 0.0, 0.0, 5.0E-7, 0.0107562
 2, 36, 3.49E-5, 1.41E-5, 0.0084089, 0.0023066000000000002, 1.133E-4, 0.0016656000000000002, 1.55E-5, 0.0, 0.0, 0.0, 0.0, 0.0, 2.3009999999999998E-4, 0.0, 0.0, 0.0, 5.0E-7, 0.011558
 2, 36, 4.05E-5, 2.12E-5, 0.013863700000000001, 0.0027726, 1.806E-4, 0.0018440000000000002, 2.16E-5, 0.0, 0.0, 0.0, 0.0, 0.0, 2.958E-4, 0.0, 0.0, 0.0, 8.0E-7, 0.0178582
 2, 36, 7.740000000000001E-5, 3.97E-5, 0.013141400000000001, 0.0031352000000000003, 2.032E-4, 0.0021862, 2.18E-5, 0.0, 0.0, 0.0, 0.0, 0.0, 3.0930000000000004E-4, 0.0, 0.0, 0.0, 8.0E-7, 0.0175745
 2, 36, 4.05E-5, 2.07E-5, 0.013407500000000001, 0.0027252, 1.798E-4, 0.0018953000000000002, 2.03E-5, 0.0, 0.0, 0.0, 0.0, 0.0, 2.9989999999999997E-4, 0.0, 0.0, 0.0, 7.0E-7, 0.0172289
 2, 36, 4.49E-5, 2.12E-5, 0.0133267, 0.0026839000000000003, 1.6450000000000001E-4, 0.0018784000000000001, 2.11E-5, 0.0, 0.0, 0.0, 0.0, 0.0, 3.3350000000000003E-4, 0.0, 0.0, 0.0, 7.0E-7, 0.0173286
 2, 36, 3.9500000000000005E-5, 2.05E-5, 0.0136947, 0.0028577000000000003, 1.806E-4, 0.0019784, 2.05E-5, 0.0, 0.0, 0.0, 0.0, 0.0, 3.158E-4, 0.0, 0.0, 0.0, 1.1E-6, 0.0176385
 2, 36, 4.0E-5, 1.98E-5, 0.0138285, 0.0028114000000000004, 1.8140000000000002E-4, 0.0019095000000000002, 1.96E-5, 0.0, 0.0, 0.0, 0.0, 0.0, 3.0619999999999996E-4, 0.0, 0.0, 0.0, 8.0E-7, 0.0177566
 2, 36, 4.39E-5, 1.58E-5, 0.0075512, 0.0022437, 1.361E-4, 0.0016061, 1.22E-5, 0.0, 0.0, 0.0, 0.0, 0.0, 2.141E-4, 0.0, 0.0, 0.0, 6.0E-7, 0.0107305
 2, 36, 2.57E-5, 1.21E-5, 0.007938800000000001, 0.0017425000000000001, 1.1870000000000001E-4, 0.0011911, 1.23E-5, 0.0, 0.0, 0.0, 0.0, 0.0, 1.7429999999999998E-4, 0.0, 0.0, 0.0, 4.0E-7, 0.0103531
 2, 36, 3.09E-5, 1.32E-5, 0.007811500000000001, 0.0019348000000000002, 1.0410000000000001E-4, 0.0014091000000000002, 1.26E-5, 0.0, 0.0, 0.0, 0.0, 0.0, 2.056E-4, 0.0, 0.0, 0.0, 6.0E-7, 0.0104463
 2, 36, 2.65E-5, 1.61E-5, 0.0079108, 0.0019441, 1.06E-4, 0.0013992000000000002, 1.26E-5, 0.0, 0.0, 0.0, 0.0, 0.0, 2.19E-4, 0.0, 0.0, 0.0, 8.0E-7, 0.0105626
 2, 36, 2.5500000000000003E-5, 1.27E-5, 0.0079393, 0.0022587, 9.530000000000001E-5, 0.0017423, 1.22E-5, 0.0, 0.0, 0.0, 0.0, 0.0, 2.6680000000000003E-4, 0.0, 0.0, 0.0, 8.0E-7, 0.0109758
 2, 36, 2.8100000000000002E-5, 1.33E-5, 0.0091727, 0.0017849, 1.1520000000000001E-4, 0.0011552, 1.15E-5, 0.0, 0.0, 0.0, 0.0, 0.0, 1.818E-4, 0.0, 0.0, 0.0, 4.0E-7, 0.0116226
 2, 36, 2.9E-5, 1.21E-5, 0.0080593, 0.0020995000000000002, 1.1020000000000001E-4, 0.0014955, 1.62E-5, 0.0, 0.0, 0.0, 0.0, 0.0, 2.331E-4, 0.0, 0.0, 0.0, 6.0E-7, 0.0110373
 2, 36, 3.1700000000000005E-5, 1.8E-5, 0.008006300000000001, 0.0021006, 2.8730000000000004E-4, 0.0014140000000000001, 1.16E-5, 0.0, 0.0, 0.0, 0.0, 0.0, 2.018E-4, 0.0, 0.0, 0.0, 6.0E-7, 0.0108321
 2, 36, 3.1100000000000004E-5, 1.72E-5, 0.007835, 0.002362, 1.218E-4, 0.0016616, 2.93E-5, 0.0, 0.0, 0.0, 0.0, 0.0, 3.206E-4, 0.0, 0.0, 0.0, 6.0E-7, 0.0112493
 2, 36, 5.6800000000000005E-5, 1.57E-5, 0.007916600000000001, 0.0021767, 1.0180000000000001E-4, 0.0016306, 4.32E-5, 0.0, 0.0, 0.0, 0.0, 0.0, 2.242E-4, 0.0, 0.0, 0.0, 7.0E-7, 0.0110047
 2, 36, 3.4500000000000005E-5, 2.21E-5, 0.007912800000000001, 0.0021245, 1.1420000000000001E-4, 0.0014974, 1.19E-5, 0.0, 0.0, 0.0, 0.0, 0.0, 2.214E-4, 0.0, 0.0, 0.0, 8.0E-7, 0.0108226
 2, 36, 3.24E-5, 2.82E-5, 0.0079824, 0.0020281, 1.271E-4, 0.0013647000000000002, 1.15E-5, 0.0, 0.0, 0.0, 0.0, 0.0, 2.259E-4, 0.0, 0.0, 0.0, 7.0E-7, 0.0108679
 2, 36, 2.33E-5, 1.51E-5, 0.0059603, 0.0017637000000000002, 8.790000000000001E-5, 0.0012062000000000002, 9.0E-6, 0.0, 0.0, 0.0, 0.0, 0.0, 1.692E-4, 0.0, 0.0, 0.0, 6.0E-7, 0.0083453
 2, 36, 2.7300000000000003E-5, 1.04E-5, 0.0056419, 0.00157, 8.180000000000001E-5, 0.0011137, 8.2E-6, 0.0, 0.0, 0.0, 0.0, 0.0, 1.662E-4, 0.0, 0.0, 0.0, 5.0E-7, 0.0078224
 2, 36, 2.82E-5, 1.01E-5, 0.0057213, 0.0015298, 1.015E-4, 0.0010831, 8.2E-6, 0.0, 0.0, 0.0, 0.0, 0.0, 1.742E-4, 0.0, 0.0, 0.0, 5.0E-7, 0.0078593
 2, 36, 1.97E-5, 8.1E-6, 0.0053517, 0.0010873, 6.91E-5, 7.519E-4, 8.8E-6, 0.0, 0.0, 0.0, 0.0, 0.0, 1.121E-4, 0.0, 0.0, 0.0, 4.0E-7, 0.0069603
 2, 36, 2.9800000000000003E-5, 9.7E-6, 0.005645300000000001, 0.0015549000000000001, 8.26E-5, 0.0010918, 8.4E-6, 0.0, 0.0, 0.0, 0.0, 0.0, 1.604E-4, 0.0, 0.0, 0.0, 6.0E-7, 0.0077806
 2, 36, 2.7600000000000003E-5, 9.6E-6, 0.005981500000000001, 0.0014502, 8.960000000000001E-5, 9.625E-4, 1.04E-5, 0.0, 0.0, 0.0, 0.0, 0.0, 1.401E-4, 0.0, 0.0, 0.0, 4.0E-7, 0.0080876
 2, 36, 2.2000000000000003E-5, 1.08E-5, 0.0056315, 0.0014182, 8.180000000000001E-5, 0.0010097, 7.5E-6, 0.0, 0.0, 0.0, 0.0, 0.0, 1.423E-4, 0.0, 0.0, 0.0, 5.0E-7, 0.0075902
 2, 36, 2.22E-5, 1.05E-5, 0.0056909000000000005, 0.0014769000000000002, 8.180000000000001E-5, 0.0010111, 9.4E-6, 0.0, 0.0, 0.0, 0.0, 0.0, 1.6120000000000002E-4, 0.0, 0.0, 0.0, 4.0E-7, 0.0077402
 2, 36, 4.0300000000000004E-5, 1.52E-5, 0.012923700000000002, 0.0018825, 1.2560000000000002E-4, 0.0012682000000000001, 1.6E-5, 0.0, 0.0, 0.0, 0.0, 0.0, 1.6769999999999998E-4, 0.0, 0.0, 0.0, 4.0E-7, 0.0158676
 2, 36, 2.3E-5, 9.3E-6, 0.0058916, 0.0013803, 7.48E-5, 9.806E-4, 1.76E-5, 0.0, 0.0, 0.0, 0.0, 0.0, 1.438E-4, 0.0, 0.0, 0.0, 8.0E-7, 0.0080128
 2, 36, 2.23E-5, 7.4E-6, 0.0051468, 0.0011492000000000002, 8.120000000000001E-5, 7.211E-4, 7.6E-6, 0.0, 0.0, 0.0, 0.0, 0.0, 1.259E-4, 0.0, 0.0, 0.0, 4.0E-7, 0.0067636
 2, 36, 1.8200000000000002E-5, 7.9E-6, 0.0053082, 0.0014221000000000001, 6.86E-5, 0.0010651, 1.62E-5, 0.0, 0.0, 0.0, 0.0, 0.0, 1.3409999999999998E-4, 0.0, 0.0, 0.0, 4.0E-7, 0.0073617
 2, 36, 2.2400000000000002E-5, 1.89E-5, 0.005558100000000001, 0.0014709, 7.82E-5, 0.0010672000000000001, 7.8E-6, 0.0, 0.0, 0.0, 0.0, 0.0, 1.894E-4, 0.0, 0.0, 0.0, 5.0E-7, 0.0076229
 2, 36, 2.2700000000000003E-5, 1.0E-5, 0.006727800000000001, 0.0013782, 8.31E-5, 9.755E-4, 9.6E-6, 0.0, 0.0, 0.0, 0.0, 0.0, 1.3800000000000002E-4, 0.0, 0.0, 0.0, 4.0E-7, 0.0086342
 2, 36, 2.26E-5, 8.6E-6, 0.0056495, 0.0014279000000000002, 6.97E-5, 0.0010572000000000001, 8.4E-6, 0.0, 0.0, 0.0, 0.0, 0.0, 1.421E-4, 0.0, 0.0, 0.0, 5.0E-7, 0.0076158
 2, 36, 2.4200000000000002E-5, 8.9E-6, 0.005820700000000001, 0.0013837, 7.070000000000001E-5, 9.87E-4, 1.0E-5, 0.0, 0.0, 0.0, 0.0, 0.0, 2.069E-4, 0.0, 0.0, 0.0, 6.0E-7, 0.0078203
 2, 36, 2.2000000000000003E-5, 9.8E-6, 0.0056591, 0.0012037, 7.3E-5, 8.389000000000001E-4, 8.3E-6, 0.0, 0.0, 0.0, 0.0, 0.0, 1.185E-4, 0.0, 0.0, 0.0, 5.0E-7, 0.0072922
 2, 36, 2.18E-5, 8.8E-6, 0.0057131000000000005, 0.0014529, 7.22E-5, 9.562E-4, 8.7E-6, 0.0, 0.0, 0.0, 0.0, 0.0, 1.476E-4, 0.0, 0.0, 0.0, 4.0E-7, 0.0076484
 2, 36, 2.36E-5, 1.06E-5, 0.0061475, 0.0014608000000000002, 8.290000000000001E-5, 0.0010377000000000001, 1.39E-5, 0.0, 0.0, 0.0, 0.0, 0.0, 1.6240000000000002E-4, 0.0, 0.0, 0.0, 6.0E-7, 0.0081038
 2, 36, 2.15E-5, 9.3E-6, 0.0062729000000000005, 0.0012822, 7.75E-5, 9.011000000000001E-4, 8.8E-6, 0.0, 0.0, 0.0, 0.0, 0.0, 1.3110000000000002E-4, 0.0, 0.0, 0.0, 5.0E-7, 0.0080224
 2, 36, 2.6900000000000003E-5, 1.22E-5, 0.0061457000000000005, 0.0013726, 1.461E-4, 9.002000000000001E-4, 8.7E-6, 0.0, 0.0, 0.0, 0.0, 0.0, 1.445E-4, 0.0, 0.0, 0.0, 5.0E-7, 0.0080095
 2, 36, 3.1700000000000005E-5, 1.53E-5, 0.0083062, 0.0019352000000000002, 1.306E-4, 0.0013499, 3.76E-5, 0.0, 0.0, 0.0, 0.0, 0.0, 2.215E-4, 0.0, 0.0, 0.0, 5.0E-7, 0.011002
 2, 36, 6.620000000000001E-5, 2.94E-5, 0.010079300000000001, 0.0029405, 2.178E-4, 0.0020357, 2.021E-4, 0.0, 0.0, 0.0, 0.0, 0.0, 3.23E-4, 0.0, 0.0, 0.0, 1.0E-6, 0.0143141
 2, 36, 3.16E-5, 2.64E-5, 0.007949300000000001, 0.0022412, 1.395E-4, 0.0015662, 7.2E-6, 0.0, 0.0, 0.0, 0.0, 0.0, 3.919E-4, 0.0, 0.0, 0.0, 2.1E-6, 0.0111145
 2, 36, 2.97E-5, 1.35E-5, 0.00787, 0.0018298000000000001, 1.1860000000000001E-4, 0.0012936, 8.2E-6, 0.0, 0.0, 0.0, 0.0, 0.0, 1.956E-4, 0.0, 0.0, 0.0, 6.0E-7, 0.0103447
 2, 36, 2.4900000000000002E-5, 1.32E-5, 0.0079109, 0.0017052, 1.055E-4, 0.0012328, 8.3E-6, 0.0, 0.0, 0.0, 0.0, 0.0, 1.77E-4, 0.0, 0.0, 0.0, 6.0E-7, 0.010316
 2, 36, 3.8400000000000005E-5, 2.43E-5, 0.0068095000000000004, 0.0018229000000000001, 1.229E-4, 0.0012185000000000002, 6.9E-6, 0.0, 0.0, 0.0, 0.0, 0.0, 2.287E-4, 0.0, 0.0, 0.0, 6.0E-7, 0.0093322
 2, 36, 2.61E-5, 8.4E-6, 0.005365, 0.0013846000000000002, 8.19E-5, 0.0010021000000000001, 5.3E-6, 0.0, 0.0, 0.0, 0.0, 0.0, 1.4419999999999998E-4, 0.0, 0.0, 0.0, 5.0E-7, 0.0072294
 2, 36, 2.47E-5, 9.5E-6, 0.005334800000000001, 0.0016134, 7.47E-5, 0.0011326, 5.6E-6, 0.0, 0.0, 0.0, 0.0, 0.0, 1.669E-4, 0.0, 0.0, 0.0, 4.0E-7, 0.0074513
 2, 36, 2.47E-5, 9.9E-6, 0.0054102, 0.0014794, 7.570000000000001E-5, 0.0010148000000000002, 6.0E-6, 0.0, 0.0, 0.0, 0.0, 0.0, 2.165E-4, 0.0, 0.0, 0.0, 8.0E-7, 0.0075016
 2, 36, 4.72E-5, 2.11E-5, 0.0191673, 0.0031677000000000003, 2.3160000000000002E-4, 0.0022674, 1.55E-5, 0.0, 0.0, 0.0, 0.0, 0.0, 4.7170000000000003E-4, 0.0, 0.0, 0.0, 1.96E-5, 0.0235593
 2, 36, 4.33E-5, 2.08E-5, 0.015547600000000002, 0.0029288, 1.705E-4, 0.0021162, 1.52E-5, 0.0, 0.0, 0.0, 0.0, 0.0, 2.588E-4, 0.0, 0.0, 0.0, 3.0E-7, 0.0194816
 2, 36, 4.6800000000000006E-5, 2.7E-5, 0.018282, 0.0044156, 1.7E-4, 0.0033889000000000002, 2.16E-5, 0.0, 0.0, 0.0, 0.0, 0.0, 4.509E-4, 0.0, 0.0, 0.0, 7.0E-7, 0.0248521
 2, 36, 5.8700000000000004E-5, 4.14E-5, 0.016853800000000002, 0.0045516, 3.665E-4, 0.0033028000000000003, 1.58E-5, 0.0, 0.0, 0.0, 0.0, 0.0, 3.646E-4, 0.0, 0.0, 0.0, 7.0E-7, 0.022956
 2, 36, 4.8E-5, 2.14E-5, 0.018288000000000002, 0.0042592, 1.9040000000000002E-4, 0.0033406, 1.64E-5, 0.0, 0.0, 0.0, 0.0, 0.0, 3.565E-4, 0.0, 0.0, 0.0, 7.0E-7, 0.0238356
 2, 36, 6.88E-5, 5.06E-5, 0.0182748, 0.0031411000000000004, 1.8390000000000002E-4, 0.0022997, 3.31E-5, 0.0, 0.0, 0.0, 0.0, 0.0, 3.542E-4, 0.0, 0.0, 0.0, 3.0E-7, 0.0235301
 2, 36, 6.59E-5, 3.4E-5, 0.0231623, 0.0043882, 3.5130000000000003E-4, 0.0031644000000000004, 2.24E-5, 0.0, 0.0, 0.0, 0.0, 0.0, 3.32E-4, 0.0, 0.0, 0.0, 4.0E-7, 0.0289148
 2, 36, 2.4900000000000002E-5, 1.14E-5, 0.007462000000000001, 0.0017389, 1.0570000000000001E-4, 0.0012365, 6.3E-6, 0.0, 0.0, 0.0, 0.0, 0.0, 1.565E-4, 0.0, 0.0, 0.0, 1.0E-7, 0.0097537
 2, 36, 2.26E-5, 8.5E-6, 0.0051393, 0.0013662000000000001, 1.0740000000000001E-4, 9.349E-4, 5.2E-6, 0.0, 0.0, 0.0, 0.0, 0.0, 1.206E-4, 0.0, 0.0, 0.0, 1.0E-7, 0.0069156
 1, 0, 2.3400000000000003E-5, 1.08E-5, 0.005931700000000001, 0.0015097, 9.45E-5, 0.0010115, 4.128E-4, 2.0E-7, 3.0E-7, 2.0E-7, 0.0, 3.599E-4, 1.461E-4, 0.0, 0.0, 0.0, 1.0E-7, 0.0082851
 1, 0, 9.000000000000001E-7, 9.0E-7, 0.0, 1.5E-5, 7.8E-6, 9.000000000000001E-7, 2.2E-6, 0.0, 0.0, 0.0, 0.0, 0.0, 1.11E-5, 0.0, 0.0, 0.0, 0.0, 6.622E-4
 1, 0, 9.000000000000001E-7, 1.1E-6, 0.0, 1.79E-5, 1.0500000000000001E-5, 6.000000000000001E-7, 2.6E-6, 0.0, 0.0, 0.0, 0.0, 0.0, 1.29E-5, 0.0, 0.0, 0.0, 0.0, 3.177E-4
 1, 0, 9.000000000000001E-7, 6.0E-7, 0.0, 1.76E-5, 1.0500000000000001E-5, 6.000000000000001E-7, 2.8E-6, 0.0, 0.0, 0.0, 0.0, 0.0, 2.2400000000000002E-5, 0.0, 0.0, 0.0, 0.0, 2.678E-4
 1, 0, 1.5E-6, 1.1E-6, 0.0, 2.51E-5, 1.4000000000000001E-5, 1.3E-6, 3.6E-6, 0.0, 0.0, 0.0, 0.0, 0.0, 2.34E-5, 0.0, 0.0, 0.0, 0.0, 3.535E-4
 1, 0, 1.6000000000000001E-6, 1.1E-6, 0.0, 2.6700000000000002E-5, 1.66E-5, 8.000000000000001E-7, 4.0E-6, 0.0, 0.0, 0.0, 0.0, 0.0, 2.16E-5, 0.0, 0.0, 0.0, 0.0, 3.505E-4
 1, 0, 1.5E-6, 1.1E-6, 0.0, 2.5600000000000002E-5, 1.5E-5, 9.000000000000001E-7, 4.3E-6, 0.0, 0.0, 0.0, 0.0, 0.0, 2.2E-5, 0.0, 0.0, 0.0, 0.0, 3.508E-4
 1, 0, 1.4000000000000001E-6, 1.0E-6, 0.0, 2.83E-5, 1.67E-5, 1.0000000000000002E-6, 3.8E-6, 0.0, 0.0, 0.0, 0.0, 0.0, 2.31E-5, 0.0, 0.0, 0.0, 0.0, 3.704E-4
 1, 0, 1.5E-6, 9.0E-7, 0.0, 2.9400000000000003E-5, 1.83E-5, 1.1E-6, 4.8E-6, 0.0, 0.0, 0.0, 0.0, 0.0, 2.0700000000000002E-5, 0.0, 0.0, 0.0, 0.0, 3.688E-4
 1, 0, 1.6000000000000001E-6, 9.0E-7, 0.0, 2.6200000000000003E-5, 1.54E-5, 8.000000000000001E-7, 3.9E-6, 0.0, 0.0, 0.0, 0.0, 0.0, 2.12E-5, 0.0, 0.0, 0.0, 0.0, 3.646E-4
 1, 0, 1.7E-6, 8.0E-7, 0.0, 2.71E-5, 1.67E-5, 1.0000000000000002E-6, 3.6E-6, 0.0, 0.0, 0.0, 0.0, 0.0, 2.1000000000000002E-5, 0.0, 0.0, 0.0, 0.0, 4.143E-4
 1, 0, 1.6000000000000001E-6, 9.0E-7, 0.0, 4.0900000000000005E-5, 2.93E-5, 1.2000000000000002E-6, 3.6E-6, 0.0, 0.0, 0.0, 0.0, 0.0, 2.3500000000000002E-5, 0.0, 0.0, 0.0, 0.0, 4.194E-4
 1, 0, 1.4000000000000001E-6, 1.0E-6, 0.0, 2.6900000000000003E-5, 1.67E-5, 9.000000000000001E-7, 3.9E-6, 0.0, 0.0, 0.0, 0.0, 0.0, 2.25E-5, 0.0, 0.0, 0.0, 0.0, 3.58E-4
 1, 0, 1.4000000000000001E-6, 1.2E-6, 0.0, 2.68E-5, 1.59E-5, 9.000000000000001E-7, 1.36E-5, 0.0, 0.0, 0.0, 0.0, 0.0, 2.26E-5, 0.0, 0.0, 0.0, 0.0, 3.496E-4
 1, 0, 1.6000000000000001E-6, 1.1E-6, 0.0, 2.89E-5, 1.76E-5, 1.2000000000000002E-6, 4.1E-6, 0.0, 0.0, 0.0, 0.0, 0.0, 2.16E-5, 0.0, 0.0, 0.0, 0.0, 3.64E-4
 1, 0, 1.6000000000000001E-6, 1.4E-6, 0.0, 2.8000000000000003E-5, 1.6000000000000003E-5, 1.1E-6, 4.7E-6, 0.0, 0.0, 0.0, 0.0, 0.0, 2.37E-5, 0.0, 0.0, 0.0, 0.0, 5.361E-4
 1, 0, 1.3E-6, 1.1E-6, 0.0, 2.8100000000000002E-5, 1.7100000000000002E-5, 1.2000000000000002E-6, 3.9E-6, 0.0, 0.0, 0.0, 0.0, 0.0, 2.26E-5, 0.0, 0.0, 0.0, 0.0, 3.616E-4
 1, 0, 1.7E-6, 1.1E-6, 0.0, 2.8000000000000003E-5, 1.62E-5, 1.0000000000000002E-6, 3.6E-6, 0.0, 0.0, 0.0, 0.0, 0.0, 2.34E-5, 0.0, 0.0, 0.0, 0.0, 3.544E-4
 1, 0, 1.6000000000000001E-6, 1.6E-6, 0.0, 4.72E-5, 3.1E-5, 2.1000000000000002E-6, 5.2E-6, 0.0, 0.0, 0.0, 0.0, 0.0, 3.38E-5, 0.0, 0.0, 0.0, 0.0, 6.591E-4
 1, 0, 1.7E-6, 1.2E-6, 0.0, 2.8400000000000003E-5, 1.62E-5, 1.0000000000000002E-6, 4.4E-6, 0.0, 0.0, 0.0, 0.0, 0.0, 2.66E-5, 0.0, 0.0, 0.0, 0.0, 4.128E-4
 1, 0, 1.5E-6, 1.2E-6, 0.0, 6.35E-5, 2.86E-5, 1.9E-6, 4.9E-6, 0.0, 0.0, 0.0, 0.0, 0.0, 3.0E-5, 0.0, 0.0, 0.0, 0.0, 4.993E-4
 1, 0, 1.2000000000000002E-6, 9.0E-7, 0.0, 2.2000000000000003E-5, 1.3500000000000001E-5, 8.000000000000001E-7, 2.8E-6, 0.0, 0.0, 0.0, 0.0, 0.0, 1.6400000000000002E-5, 0.0, 0.0, 0.0, 0.0, 3.143E-4
 1, 0, 7.000000000000001E-7, 6.0E-7, 0.0, 1.4200000000000001E-5, 8.6E-6, 4.0000000000000003E-7, 2.6E-6, 0.0, 0.0, 0.0, 0.0, 0.0, 1.3300000000000001E-5, 0.0, 0.0, 0.0, 0.0, 2.202E-4
 1, 0, 1.7500000000000002E-5, 6.0E-7, 0.0, 1.3000000000000001E-5, 7.6E-6, 8.000000000000001E-7, 2.0E-6, 0.0, 0.0, 0.0, 0.0, 0.0, 1.16E-5, 0.0, 0.0, 0.0, 0.0, 2.365E-4
 1, 0, 8.000000000000001E-7, 6.0E-7, 0.0, 1.3500000000000001E-5, 7.8E-6, 5.000000000000001E-7, 2.3E-6, 0.0, 0.0, 0.0, 0.0, 0.0, 1.1400000000000001E-5, 0.0, 0.0, 0.0, 0.0, 1.995E-4
 1, 0, 1.0000000000000002E-6, 1.2E-6, 0.0, 2.1700000000000002E-5, 1.46E-5, 7.000000000000001E-7, 3.1E-6, 0.0, 0.0, 0.0, 0.0, 0.0, 1.41E-5, 0.0, 0.0, 0.0, 0.0, 2.465E-4
 1, 0, 8.000000000000001E-7, 7.0E-7, 0.0, 6.31E-5, 5.6000000000000006E-5, 5.000000000000001E-7, 2.8E-6, 0.0, 0.0, 0.0, 0.0, 0.0, 1.4400000000000001E-5, 0.0, 0.0, 0.0, 0.0, 3.038E-4
 1, 0, 1.2000000000000002E-6, 1.0E-6, 0.0, 2.05E-5, 1.29E-5, 7.000000000000001E-7, 2.7E-6, 0.0, 0.0, 0.0, 0.0, 0.0, 1.5399999999999998E-5, 0.0, 0.0, 0.0, 0.0, 4.129E-4
 1, 0, 1.1E-6, 8.0E-7, 0.0, 2.01E-5, 1.3000000000000001E-5, 7.000000000000001E-7, 3.5E-6, 0.0, 0.0, 0.0, 0.0, 0.0, 2.2700000000000003E-5, 0.0, 0.0, 0.0, 0.0, 2.948E-4
 1, 0, 9.000000000000001E-7, 7.0E-7, 0.0, 3.47E-5, 1.1400000000000001E-5, 6.000000000000001E-7, 3.2E-6, 0.0, 0.0, 0.0, 0.0, 0.0, 1.6800000000000002E-5, 0.0, 0.0, 0.0, 0.0, 2.634E-4
 1, 0, 1.0000000000000002E-6, 1.1E-6, 0.0, 1.67E-5, 9.7E-6, 6.000000000000001E-7, 3.4E-6, 0.0, 0.0, 0.0, 0.0, 0.0, 1.52E-5, 0.0, 0.0, 0.0, 0.0, 2.6E-4
 1, 0, 1.0000000000000002E-6, 9.0E-7, 0.0, 1.43E-5, 8.1E-6, 6.000000000000001E-7, 2.8E-6, 0.0, 0.0, 0.0, 0.0, 0.0, 1.22E-5, 0.0, 0.0, 0.0, 0.0, 2.187E-4
 1, 0, 8.000000000000001E-7, 7.0E-7, 0.0, 1.5100000000000001E-5, 1.0E-5, 6.000000000000001E-7, 2.1E-6, 0.0, 0.0, 0.0, 0.0, 0.0, 1.2600000000000001E-5, 0.0, 0.0, 0.0, 0.0, 2.037E-4
 1, 0, 9.000000000000001E-7, 6.0E-7, 0.0, 1.39E-5, 7.7E-6, 8.000000000000001E-7, 3.2E-6, 0.0, 0.0, 0.0, 0.0, 0.0, 1.13E-5, 0.0, 0.0, 0.0, 0.0, 2.248E-4
 1, 0, 7.000000000000001E-7, 8.0E-7, 0.0, 1.54E-5, 1.0E-5, 6.000000000000001E-7, 4.6E-6, 0.0, 0.0, 0.0, 0.0, 0.0, 1.13E-5, 0.0, 0.0, 0.0, 0.0, 2.029E-4
 1, 0, 6.000000000000001E-7, 8.0E-7, 0.0, 1.27E-5, 6.8E-6, 8.000000000000001E-7, 2.4E-6, 0.0, 0.0, 0.0, 0.0, 0.0, 1.25E-5, 0.0, 0.0, 0.0, 0.0, 2.03E-4
 1, 0, 7.000000000000001E-7, 5.0E-7, 0.0, 1.5E-5, 8.5E-6, 5.000000000000001E-7, 4.2E-6, 0.0, 0.0, 0.0, 0.0, 0.0, 1.17E-5, 0.0, 0.0, 0.0, 0.0, 2.205E-4
 1, 0, 7.000000000000001E-7, 8.0E-7, 0.0, 1.74E-5, 1.0700000000000001E-5, 8.000000000000001E-7, 4.3E-6, 0.0, 0.0, 0.0, 0.0, 0.0, 1.74E-5, 0.0, 0.0, 0.0, 0.0, 2.864E-4
 1, 0, 8.000000000000001E-7, 1.0E-6, 0.0, 1.34E-5, 7.7E-6, 8.000000000000001E-7, 2.6E-6, 0.0, 0.0, 0.0, 0.0, 0.0, 1.13E-5, 0.0, 0.0, 0.0, 0.0, 2.234E-4
 1, 0, 8.000000000000001E-7, 1.4E-6, 0.0, 3.08E-5, 2.18E-5, 1.0000000000000002E-6, 5.0E-6, 0.0, 0.0, 0.0, 0.0, 0.0, 2.0700000000000002E-5, 0.0, 0.0, 0.0, 0.0, 3.278E-4
 1, 0, 7.000000000000001E-7, 1.3E-6, 0.0, 1.5700000000000002E-5, 7.8E-6, 1.0000000000000002E-6, 3.0E-6, 0.0, 0.0, 0.0, 0.0, 0.0, 1.15E-5, 0.0, 0.0, 0.0, 0.0, 2.317E-4
 1, 0, 7.000000000000001E-7, 8.0E-7, 0.0, 1.7E-5, 9.0E-6, 5.000000000000001E-7, 3.1E-6, 0.0, 0.0, 0.0, 0.0, 0.0, 1.13E-5, 0.0, 0.0, 0.0, 0.0, 2.317E-4
 1, 0, 9.000000000000001E-7, 5.0E-7, 0.0, 1.22E-5, 6.8E-6, 6.000000000000001E-7, 2.3E-6, 0.0, 0.0, 0.0, 0.0, 0.0, 1.2600000000000001E-5, 0.0, 0.0, 0.0, 0.0, 2.106E-4
 1, 0, 8.000000000000001E-7, 6.0E-7, 0.0, 1.22E-5, 7.100000000000001E-6, 6.000000000000001E-7, 2.5E-6, 0.0, 0.0, 0.0, 0.0, 0.0, 1.27E-5, 0.0, 0.0, 0.0, 0.0, 2.059E-4
 1, 0, 1.0000000000000002E-6, 8.0E-7, 0.0, 1.4400000000000001E-5, 8.6E-6, 6.000000000000001E-7, 2.9E-6, 0.0, 0.0, 0.0, 0.0, 0.0, 1.0899999999999999E-5, 0.0, 0.0, 0.0, 0.0, 2.131E-4
 1, 0, 9.000000000000001E-7, 6.0E-7, 0.0, 1.6800000000000002E-5, 1.0E-5, 7.000000000000001E-7, 3.1E-6, 0.0, 0.0, 0.0, 0.0, 0.0, 1.5399999999999998E-5, 0.0, 0.0, 0.0, 0.0, 2.094E-4
 1, 0, 9.000000000000001E-7, 7.0E-7, 0.0, 1.8E-5, 9.9E-6, 9.000000000000001E-7, 3.4E-6, 0.0, 0.0, 0.0, 0.0, 0.0, 4.1E-5, 0.0, 0.0, 0.0, 0.0, 2.486E-4
 1, 0, 1.5E-6, 1.2E-6, 0.0, 2.7600000000000003E-5, 1.63E-5, 1.0000000000000002E-6, 3.6E-6, 0.0, 0.0, 0.0, 0.0, 0.0, 3.79E-5, 0.0, 0.0, 0.0, 0.0, 3.112E-4
 1, 0, 1.6000000000000001E-6, 1.1E-6, 0.0, 4.89E-5, 3.83E-5, 1.0000000000000002E-6, 3.7E-6, 0.0, 0.0, 0.0, 0.0, 0.0, 1.117E-4, 0.0, 0.0, 0.0, 0.0, 4.19E-4
 1, 0, 1.3E-6, 1.0E-6, 0.0, 2.44E-5, 1.4200000000000001E-5, 9.000000000000001E-7, 5.5E-6, 0.0, 0.0, 0.0, 0.0, 0.0, 1.6E-5, 0.0, 0.0, 0.0, 0.0, 3.145E-4
 1, 0, 1.4000000000000001E-6, 1.3E-6, 0.0, 2.9500000000000002E-5, 1.8200000000000002E-5, 1.1E-6, 4.6E-6, 0.0, 0.0, 0.0, 0.0, 0.0, 1.59E-5, 0.0, 0.0, 0.0, 0.0, 2.959E-4
 1, 0, 1.8000000000000001E-6, 1.2E-6, 0.0, 3.0600000000000005E-5, 1.97E-5, 1.1E-6, 3.8E-6, 0.0, 0.0, 0.0, 0.0, 0.0, 1.7500000000000002E-5, 0.0, 0.0, 0.0, 0.0, 3.96E-4
 1, 0, 1.3E-6, 1.0E-6, 0.0, 4.46E-5, 3.3600000000000004E-5, 1.0000000000000002E-6, 4.0E-6, 0.0, 0.0, 0.0, 0.0, 0.0, 1.77E-5, 0.0, 0.0, 0.0, 0.0, 4.291E-4
 1, 0, 1.3E-6, 1.0E-6, 0.0, 2.6300000000000002E-5, 1.6000000000000003E-5, 1.0000000000000002E-6, 4.2E-6, 0.0, 0.0, 0.0, 0.0, 0.0, 1.62E-5, 0.0, 0.0, 0.0, 0.0, 2.88E-4
 1, 0, 1.4000000000000001E-6, 1.2E-6, 0.0, 2.6900000000000003E-5, 1.65E-5, 9.000000000000001E-7, 4.6E-6, 0.0, 0.0, 0.0, 0.0, 0.0, 1.67E-5, 0.0, 0.0, 0.0, 0.0, 2.989E-4
 1, 0, 1.4000000000000001E-6, 1.0E-6, 0.0, 2.7300000000000003E-5, 1.69E-5, 1.1E-6, 4.1E-6, 0.0, 0.0, 0.0, 0.0, 0.0, 1.5399999999999998E-5, 0.0, 0.0, 0.0, 0.0, 2.9E-4
 1, 0, 1.9E-6, 1.0E-6, 0.0, 2.96E-5, 1.65E-5, 1.1E-6, 4.4E-6, 0.0, 0.0, 0.0, 0.0, 0.0, 1.93E-5, 0.0, 0.0, 0.0, 0.0, 4.096E-4
 1, 0, 1.7E-6, 1.3E-6, 0.0, 3.16E-5, 1.9900000000000003E-5, 1.1E-6, 5.9E-6, 0.0, 0.0, 0.0, 0.0, 0.0, 1.84E-5, 0.0, 0.0, 0.0, 0.0, 3.633E-4
 1, 0, 1.6000000000000001E-6, 1.4E-6, 0.0, 2.7400000000000002E-5, 1.6000000000000003E-5, 1.1E-6, 5.3E-6, 0.0, 0.0, 0.0, 0.0, 0.0, 1.73E-5, 0.0, 0.0, 0.0, 0.0, 3.737E-4
 1, 0, 1.6000000000000001E-6, 1.2E-6, 0.0, 2.83E-5, 1.63E-5, 1.1E-6, 5.8E-6, 0.0, 0.0, 0.0, 0.0, 0.0, 1.8E-5, 0.0, 0.0, 0.0, 0.0, 3.542E-4
 1, 0, 2.3E-6, 1.6E-6, 0.0, 5.44E-5, 3.1400000000000004E-5, 1.6000000000000001E-6, 5.1E-6, 0.0, 0.0, 0.0, 0.0, 0.0, 3.09E-5, 0.0, 0.0, 0.0, 0.0, 5.75E-4
 1, 0, 1.7E-6, 9.0E-7, 0.0, 2.72E-5, 1.66E-5, 1.1E-6, 4.1E-6, 0.0, 0.0, 0.0, 0.0, 0.0, 1.63E-5, 0.0, 0.0, 0.0, 0.0, 3.177E-4
 1, 0, 2.0000000000000003E-6, 1.4E-6, 0.0, 3.0500000000000003E-5, 1.76E-5, 1.2000000000000002E-6, 4.5E-6, 0.0, 0.0, 0.0, 0.0, 0.0, 1.99E-5, 0.0, 0.0, 0.0, 0.0, 3.313E-4
 1, 0, 2.1000000000000002E-6, 1.3E-6, 0.0, 2.68E-5, 1.59E-5, 8.000000000000001E-7, 6.8E-6, 0.0, 0.0, 0.0, 0.0, 0.0, 1.44E-5, 0.0, 0.0, 0.0, 0.0, 3.647E-4
 1, 0, 1.9E-6, 1.2E-6, 0.0, 2.93E-5, 1.69E-5, 1.1E-6, 4.6E-6, 0.0, 0.0, 0.0, 0.0, 0.0, 2.34E-5, 0.0, 0.0, 0.0, 0.0, 3.381E-4
 1, 0, 1.5E-6, 1.0E-6, 0.0, 2.9400000000000003E-5, 1.8E-5, 1.0000000000000002E-6, 4.5E-6, 0.0, 0.0, 0.0, 0.0, 0.0, 1.58E-5, 0.0, 0.0, 0.0, 0.0, 3.136E-4
 1, 0, 1.9E-6, 1.4E-6, 0.0, 3.12E-5, 1.7800000000000002E-5, 1.4000000000000001E-6, 4.6E-6, 0.0, 0.0, 0.0, 0.0, 0.0, 2.04E-5, 0.0, 0.0, 0.0, 0.0, 3.271E-4
 1, 0, 1.6000000000000001E-6, 9.0E-7, 0.0, 2.7700000000000002E-5, 1.6800000000000002E-5, 1.0000000000000002E-6, 3.7E-6, 0.0, 0.0, 0.0, 0.0, 0.0, 1.66E-5, 0.0, 0.0, 0.0, 0.0, 2.811E-4
 1, 0, 1.6000000000000001E-6, 1.2E-6, 0.0, 2.71E-5, 1.6400000000000002E-5, 9.000000000000001E-7, 3.8E-6, 0.0, 0.0, 0.0, 0.0, 0.0, 1.5700000000000002E-5, 0.0, 0.0, 0.0, 0.0, 2.902E-4
 1, 0, 1.5E-6, 1.2E-6, 0.0, 2.8400000000000003E-5, 1.74E-5, 1.1E-6, 4.2E-6, 0.0, 0.0, 0.0, 0.0, 0.0, 1.5700000000000002E-5, 0.0, 0.0, 0.0, 0.0, 3.021E-4
 1, 0, 1.9E-6, 1.0E-6, 0.0, 3.15E-5, 2.02E-5, 1.4000000000000001E-6, 4.4E-6, 0.0, 0.0, 0.0, 0.0, 0.0, 1.47E-5, 0.0, 0.0, 0.0, 0.0, 3.676E-4
 1, 0, 1.9E-6, 1.2E-6, 0.0, 3.07E-5, 1.8900000000000002E-5, 1.0000000000000002E-6, 4.6E-6, 0.0, 0.0, 0.0, 0.0, 0.0, 1.6100000000000002E-5, 0.0, 0.0, 0.0, 0.0, 3.004E-4
 1, 0, 1.6000000000000001E-6, 7.0E-7, 0.0, 3.2200000000000003E-5, 1.9900000000000003E-5, 1.1E-6, 3.8E-6, 0.0, 0.0, 0.0, 0.0, 0.0, 1.65E-5, 0.0, 0.0, 0.0, 0.0, 3.539E-4
 1, 0, 1.5E-6, 9.0E-7, 0.0, 4.7600000000000005E-5, 1.7E-5, 1.0000000000000002E-6, 4.4E-6, 0.0, 0.0, 0.0, 0.0, 0.0, 1.67E-5, 0.0, 0.0, 0.0, 0.0, 3.119E-4
 1, 0, 2.2E-6, 1.0E-6, 0.0, 3.27E-5, 2.0E-5, 1.3E-6, 4.3E-6, 0.0, 0.0, 0.0, 0.0, 0.0, 1.8E-5, 0.0, 0.0, 0.0, 0.0, 3.905E-4
 1, 0, 9.000000000000001E-7, 6.0E-7, 0.0, 1.4700000000000002E-5, 8.6E-6, 7.000000000000001E-7, 2.9E-6, 0.0, 0.0, 0.0, 0.0, 0.0, 9.100000000000001E-6, 0.0, 0.0, 0.0, 0.0, 1.817E-4
 1, 0, 7.000000000000001E-7, 7.0E-7, 0.0, 1.27E-5, 7.4E-6, 4.0000000000000003E-7, 2.8E-6, 0.0, 0.0, 0.0, 0.0, 0.0, 7.7E-6, 0.0, 0.0, 0.0, 0.0, 1.523E-4
 1, 0, 7.000000000000001E-7, 6.0E-7, 0.0, 1.22E-5, 6.4000000000000006E-6, 8.000000000000001E-7, 2.4E-6, 0.0, 0.0, 0.0, 0.0, 0.0, 7.2E-6, 0.0, 0.0, 0.0, 0.0, 1.492E-4
 1, 0, 1.0000000000000002E-6, 9.0E-7, 0.0, 1.4900000000000001E-5, 8.7E-6, 7.000000000000001E-7, 2.3E-6, 0.0, 0.0, 0.0, 0.0, 0.0, 7.7E-6, 0.0, 0.0, 0.0, 0.0, 1.615E-4
 1, 0, 8.000000000000001E-7, 7.0E-7, 0.0, 1.45E-5, 8.7E-6, 5.000000000000001E-7, 3.2E-6, 0.0, 0.0, 0.0, 0.0, 0.0, 1.0100000000000002E-5, 0.0, 0.0, 0.0, 0.0, 1.664E-4
 1, 0, 9.000000000000001E-7, 1.0E-6, 0.0, 1.43E-5, 8.3E-6, 9.000000000000001E-7, 5.2E-6, 0.0, 0.0, 0.0, 0.0, 0.0, 9.8E-6, 0.0, 0.0, 0.0, 0.0, 1.825E-4
 1, 0, 7.000000000000001E-7, 8.0E-7, 0.0, 1.16E-5, 6.4000000000000006E-6, 5.000000000000001E-7, 2.3E-6, 0.0, 0.0, 0.0, 0.0, 0.0, 7.7E-6, 0.0, 0.0, 0.0, 0.0, 1.423E-4
 1, 0, 8.000000000000001E-7, 6.0E-7, 0.0, 1.58E-5, 9.600000000000001E-6, 6.000000000000001E-7, 3.0E-6, 0.0, 0.0, 0.0, 0.0, 0.0, 8.9E-6, 0.0, 0.0, 0.0, 0.0, 1.867E-4
 1, 0, 1.0000000000000002E-6, 6.0E-7, 0.0, 1.74E-5, 1.0300000000000001E-5, 6.000000000000001E-7, 3.1E-6, 0.0, 0.0, 0.0, 0.0, 0.0, 1.09E-5, 0.0, 0.0, 0.0, 0.0, 2.158E-4
 1, 0, 1.0000000000000002E-6, 7.0E-7, 0.0, 1.72E-5, 1.02E-5, 8.000000000000001E-7, 2.7E-6, 0.0, 0.0, 0.0, 0.0, 0.0, 1.08E-5, 0.0, 0.0, 0.0, 0.0, 1.9E-4
 1, 0, 1.2000000000000002E-6, 8.0E-7, 0.0, 1.382E-4, 1.305E-4, 6.000000000000001E-7, 3.1E-6, 0.0, 0.0, 0.0, 0.0, 0.0, 9.999999999999999E-6, 0.0, 0.0, 0.0, 0.0, 3.263E-4
 1, 0, 1.2000000000000002E-6, 1.1E-6, 0.0, 2.1300000000000003E-5, 1.2400000000000002E-5, 8.000000000000001E-7, 3.7E-6, 0.0, 0.0, 0.0, 0.0, 0.0, 1.25E-5, 0.0, 0.0, 0.0, 0.0, 2.444E-4
 1, 0, 1.4000000000000001E-6, 1.1E-6, 0.0, 2.6600000000000003E-5, 1.58E-5, 1.1E-6, 4.1E-6, 0.0, 0.0, 0.0, 0.0, 0.0, 1.55E-5, 0.0, 0.0, 0.0, 0.0, 2.825E-4
 1, 0, 1.5E-6, 1.0E-6, 0.0, 2.5E-5, 1.55E-5, 8.000000000000001E-7, 4.0E-6, 0.0, 0.0, 0.0, 0.0, 0.0, 1.4400000000000001E-5, 0.0, 0.0, 0.0, 0.0, 2.608E-4
 1, 0, 1.9E-6, 1.2E-6, 0.0, 2.68E-5, 1.6100000000000002E-5, 1.1E-6, 4.2E-6, 0.0, 0.0, 0.0, 0.0, 0.0, 1.6E-5, 0.0, 0.0, 0.0, 0.0, 2.937E-4
 1, 0, 1.6000000000000001E-6, 9.0E-7, 0.0, 2.79E-5, 1.6100000000000002E-5, 1.1E-6, 5.3E-6, 0.0, 0.0, 0.0, 0.0, 0.0, 1.69E-5, 0.0, 0.0, 0.0, 0.0, 2.881E-4
 1, 0, 1.1E-6, 9.0E-7, 0.0, 2.19E-5, 1.29E-5, 9.000000000000001E-7, 3.2E-6, 0.0, 0.0, 0.0, 0.0, 0.0, 1.15E-5, 0.0, 0.0, 0.0, 0.0, 2.359E-4
 1, 0, 8.000000000000001E-7, 7.0E-7, 0.0, 1.3300000000000001E-5, 7.4E-6, 8.000000000000001E-7, 1.36E-5, 0.0, 0.0, 0.0, 0.0, 0.0, 8.700000000000001E-6, 0.0, 0.0, 0.0, 0.0, 1.747E-4
 1, 0, 7.000000000000001E-7, 1.0E-6, 0.0, 1.2100000000000001E-5, 6.5000000000000004E-6, 4.0000000000000003E-7, 2.5E-6, 0.0, 0.0, 0.0, 0.0, 0.0, 7.6E-6, 0.0, 0.0, 0.0, 0.0, 1.611E-4
 1, 0, 7.000000000000001E-7, 6.0E-7, 0.0, 1.27E-5, 6.900000000000001E-6, 7.000000000000001E-7, 2.5E-6, 0.0, 0.0, 0.0, 0.0, 0.0, 7.2E-6, 0.0, 0.0, 0.0, 0.0, 1.588E-4
 1, 0, 7.000000000000001E-7, 6.0E-7, 0.0, 1.11E-5, 6.0E-6, 6.000000000000001E-7, 2.0E-6, 0.0, 0.0, 0.0, 0.0, 0.0, 7.4E-6, 0.0, 0.0, 0.0, 0.0, 1.447E-4
 1, 0, 7.000000000000001E-7, 5.0E-7, 0.0, 3.18E-5, 7.7E-6, 7.000000000000001E-7, 2.7E-6, 0.0, 0.0, 0.0, 0.0, 0.0, 7.5E-6, 0.0, 0.0, 0.0, 0.0, 1.804E-4
 1, 0, 9.000000000000001E-7, 8.0E-7, 0.0, 2.1400000000000002E-5, 7.8E-6, 6.000000000000001E-7, 2.8E-6, 0.0, 0.0, 0.0, 0.0, 0.0, 8.5E-6, 0.0, 0.0, 0.0, 0.0, 1.754E-4
 1, 0, 1.0000000000000002E-6, 8.0E-7, 0.0, 4.41E-5, 8.8E-6, 5.000000000000001E-7, 2.8E-6, 0.0, 0.0, 0.0, 0.0, 0.0, 8.1E-6, 0.0, 0.0, 0.0, 0.0, 2.071E-4
 1, 0, 1.1E-6, 6.0E-7, 0.0, 1.0500000000000001E-5, 7.3E-6, 9.000000000000001E-7, 2.4E-6, 0.0, 0.0, 0.0, 0.0, 0.0, 9.7E-6, 0.0, 0.0, 0.0, 0.0, 1.693E-4
 1, 0, 9.000000000000001E-7, 7.0E-7, 0.0, 2.26E-5, 1.95E-5, 8.000000000000001E-7, 2.5E-6, 0.0, 0.0, 0.0, 0.0, 0.0, 9.100000000000001E-6, 0.0, 0.0, 0.0, 0.0, 2.918E-4
 1, 0, 9.000000000000001E-7, 1.2E-6, 0.0, 1.2800000000000001E-5, 1.0E-5, 6.000000000000001E-7, 2.6E-6, 0.0, 0.0, 0.0, 0.0, 0.0, 9.600000000000001E-6, 0.0, 0.0, 0.0, 0.0, 2.028E-4
 1, 0, 6.000000000000001E-7, 7.0E-7, 0.0, 1.01E-5, 7.8E-6, 5.000000000000001E-7, 2.1E-6, 0.0, 0.0, 0.0, 0.0, 0.0, 8.1E-6, 0.0, 0.0, 0.0, 0.0, 1.445E-4
 1, 0, 9.000000000000001E-7, 7.0E-7, 0.0, 1.66E-5, 1.18E-5, 1.3E-6, 3.3E-6, 0.0, 0.0, 0.0, 0.0, 0.0, 1.02E-5, 0.0, 0.0, 0.0, 0.0, 2.674E-4
 1, 0, 8.000000000000001E-7, 6.0E-7, 0.0, 1.0500000000000001E-5, 7.4E-6, 1.1E-6, 2.9E-6, 0.0, 0.0, 0.0, 0.0, 0.0, 8.5E-6, 0.0, 0.0, 0.0, 0.0, 2.123E-4
 1, 0, 8.000000000000001E-7, 6.0E-7, 0.0, 1.13E-5, 8.3E-6, 5.000000000000001E-7, 3.6E-6, 0.0, 0.0, 0.0, 0.0, 0.0, 7.7E-6, 0.0, 0.0, 0.0, 0.0, 1.651E-4
 1, 0, 1.2000000000000002E-6, 7.0E-7, 0.0, 1.55E-5, 1.18E-5, 9.000000000000001E-7, 3.2E-6, 0.0, 0.0, 0.0, 0.0, 0.0, 3.04E-5, 0.0, 0.0, 0.0, 0.0, 2.564E-4
 1, 0, 8.000000000000001E-7, 1.5E-6, 0.0, 1.1000000000000001E-5, 8.1E-6, 5.000000000000001E-7, 2.5E-6, 0.0, 0.0, 0.0, 0.0, 0.0, 7.4E-6, 0.0, 0.0, 0.0, 0.0, 1.7E-4
 1, 0, 7.000000000000001E-7, 7.0E-7, 0.0, 2.54E-5, 9.3E-6, 8.000000000000001E-7, 2.8E-6, 0.0, 0.0, 0.0, 0.0, 0.0, 4.9E-6, 0.0, 0.0, 0.0, 0.0, 1.851E-4
 1, 0, 7.000000000000001E-7, 7.0E-7, 0.0, 9.2E-6, 6.900000000000001E-6, 5.000000000000001E-7, 2.1E-6, 0.0, 0.0, 0.0, 0.0, 0.0, 4.5E-6, 0.0, 0.0, 0.0, 0.0, 1.36E-4
 1, 0, 7.000000000000001E-7, 7.0E-7, 0.0, 1.09E-5, 8.200000000000001E-6, 4.0000000000000003E-7, 2.25E-5, 0.0, 0.0, 0.0, 0.0, 0.0, 4.5E-6, 0.0, 0.0, 0.0, 0.0, 1.791E-4
 1, 0, 7.000000000000001E-7, 9.0E-7, 0.0, 2.71E-5, 2.4100000000000003E-5, 6.000000000000001E-7, 7.7E-6, 0.0, 0.0, 0.0, 0.0, 0.0, 4.2999999999999995E-6, 0.0, 0.0, 0.0, 0.0, 1.873E-4
 1, 0, 7.000000000000001E-7, 6.0E-7, 0.0, 1.5300000000000003E-5, 1.27E-5, 4.0000000000000003E-7, 2.0E-6, 0.0, 0.0, 0.0, 0.0, 0.0, 6.7E-6, 0.0, 0.0, 0.0, 0.0, 1.874E-4
 1, 0, 9.000000000000001E-7, 6.0E-7, 0.0, 6.1E-6, 3.2000000000000003E-6, 5.000000000000001E-7, 2.1E-6, 0.0, 0.0, 0.0, 0.0, 0.0, 5.1E-6, 0.0, 0.0, 0.0, 0.0, 1.551E-4
 1, 0, 8.000000000000001E-7, 7.0E-7, 0.0, 6.300000000000001E-6, 3.3E-6, 6.000000000000001E-7, 2.3E-6, 0.0, 0.0, 0.0, 0.0, 0.0, 7.0E-6, 0.0, 0.0, 0.0, 0.0, 1.849E-4
 1, 0, 8.000000000000001E-7, 5.0E-7, 0.0, 5.500000000000001E-6, 2.7E-6, 6.000000000000001E-7, 1.8E-6, 0.0, 0.0, 0.0, 0.0, 0.0, 4.6E-6, 0.0, 0.0, 0.0, 0.0, 1.448E-4
 1, 0, 8.000000000000001E-7, 7.0E-7, 0.0, 5.8E-6, 2.8000000000000003E-6, 6.000000000000001E-7, 2.4E-6, 0.0, 0.0, 0.0, 0.0, 0.0, 4.8E-6, 0.0, 0.0, 0.0, 0.0, 1.601E-4
 1, 0, 1.2000000000000002E-6, 7.0E-7, 0.0, 5.7000000000000005E-6, 3.0E-6, 7.000000000000001E-7, 2.8E-6, 0.0, 0.0, 0.0, 0.0, 0.0, 4.8E-6, 0.0, 0.0, 0.0, 0.0, 1.521E-4
 1, 0, 1.1E-6, 1.0E-6, 0.0, 6.7E-6, 2.9E-6, 1.3E-6, 2.7E-6, 0.0, 0.0, 0.0, 0.0, 0.0, 7.0E-6, 0.0, 0.0, 0.0, 0.0, 1.67E-4
 1, 0, 8.000000000000001E-7, 6.0E-7, 0.0, 5.9E-6, 2.6E-6, 6.000000000000001E-7, 4.0E-6, 0.0, 0.0, 0.0, 0.0, 0.0, 5.0999999999999995E-6, 0.0, 0.0, 0.0, 0.0, 1.579E-4
 1, 0, 8.000000000000001E-7, 1.7E-6, 0.0, 4.800000000000001E-6, 2.5E-6, 5.000000000000001E-7, 2.0E-6, 0.0, 0.0, 0.0, 0.0, 0.0, 4.8E-6, 0.0, 0.0, 0.0, 0.0, 1.712E-4
 1, 0, 1.0000000000000002E-6, 1.5E-6, 0.0, 7.100000000000001E-6, 3.0E-6, 9.000000000000001E-7, 3.6E-6, 0.0, 0.0, 0.0, 0.0, 0.0, 5.9E-6, 0.0, 0.0, 0.0, 0.0, 2.186E-4
 1, 0, 1.1E-6, 1.3E-6, 0.0, 1.3700000000000001E-5, 5.7000000000000005E-6, 1.2000000000000002E-6, 2.8E-6, 0.0, 0.0, 0.0, 0.0, 0.0, 1.9600000000000002E-5, 0.0, 0.0, 0.0, 0.0, 2.677E-4
 1, 0, 1.1E-6, 1.7E-6, 0.0, 1.4000000000000001E-5, 3.7E-6, 9.000000000000001E-7, 2.3E-6, 0.0, 0.0, 0.0, 0.0, 0.0, 8.1E-6, 0.0, 0.0, 0.0, 0.0, 2.099E-4
 1, 0, 1.22E-5, 2.3E-6, 0.0, 3.08E-5, 2.5600000000000002E-5, 9.000000000000001E-7, 3.3E-6, 0.0, 0.0, 0.0, 0.0, 0.0, 8.000000000000001E-6, 0.0, 0.0, 0.0, 0.0, 2.746E-4
 1, 0, 3.0000000000000004E-7, 1.9E-6, 0.0, 1.0E-5, 4.9000000000000005E-6, 9.000000000000001E-7, 2.8E-6, 0.0, 0.0, 0.0, 0.0, 0.0, 8.0E-6, 0.0, 0.0, 0.0, 0.0, 2.271E-4
 1, 0, 2.0000000000000002E-7, 1.7E-6, 0.0, 9.2E-6, 4.3E-6, 9.000000000000001E-7, 2.9E-6, 0.0, 0.0, 0.0, 0.0, 0.0, 8.1E-6, 0.0, 0.0, 0.0, 0.0, 2.004E-4
 1, 0, 4.0000000000000003E-7, 1.8E-6, 0.0, 1.02E-5, 4.6E-6, 9.000000000000001E-7, 3.0E-6, 0.0, 0.0, 0.0, 0.0, 0.0, 8.200000000000001E-6, 0.0, 0.0, 0.0, 0.0, 1.94E-4
 1, 0, 3.0000000000000004E-7, 2.0E-6, 0.0, 1.0E-5, 4.4E-6, 1.1E-6, 3.1E-6, 0.0, 0.0, 0.0, 0.0, 0.0, 9.7E-6, 0.0, 0.0, 0.0, 0.0, 3.519E-4
 1, 0, 2.0000000000000002E-7, 2.1E-6, 0.0, 1.0300000000000001E-5, 4.5E-6, 1.1E-6, 2.8E-6, 0.0, 0.0, 0.0, 0.0, 0.0, 1.81E-5, 0.0, 0.0, 0.0, 0.0, 2.124E-4
 1, 0, 5.000000000000001E-7, 2.0E-6, 0.0, 1.0700000000000001E-5, 5.3E-6, 9.000000000000001E-7, 3.3E-6, 0.0, 0.0, 0.0, 0.0, 0.0, 9.0E-6, 0.0, 0.0, 0.0, 0.0, 2.05E-4
 1, 0, 3.0000000000000004E-7, 1.7E-6, 0.0, 9.5E-6, 4.2000000000000004E-6, 1.0000000000000002E-6, 2.11E-5, 0.0, 0.0, 0.0, 0.0, 0.0, 7.9E-6, 0.0, 0.0, 0.0, 0.0, 2.144E-4
 1, 0, 3.0000000000000004E-7, 1.9E-6, 0.0, 9.600000000000001E-6, 4.5E-6, 1.0000000000000002E-6, 2.6E-6, 0.0, 0.0, 0.0, 0.0, 0.0, 8.7E-6, 0.0, 0.0, 0.0, 0.0, 1.988E-4
 1, 0, 3.0000000000000004E-7, 2.0E-6, 0.0, 9.2E-6, 4.4E-6, 9.000000000000001E-7, 2.9E-6, 0.0, 0.0, 0.0, 0.0, 0.0, 8.3E-6, 0.0, 0.0, 0.0, 0.0, 1.947E-4
 1, 0, 3.0000000000000004E-7, 1.9E-6, 0.0, 9.600000000000001E-6, 4.4E-6, 1.0000000000000002E-6, 3.6E-6, 0.0, 0.0, 0.0, 0.0, 0.0, 7.8E-6, 0.0, 0.0, 0.0, 0.0, 1.969E-4
 1, 0, 4.0000000000000003E-7, 1.7E-6, 0.0, 1.02E-5, 4.5E-6, 9.000000000000001E-7, 3.2E-6, 0.0, 0.0, 0.0, 0.0, 0.0, 2.2E-5, 0.0, 0.0, 0.0, 0.0, 2.09E-4
 1, 0, 2.0000000000000002E-7, 1.8E-6, 0.0, 9.600000000000001E-6, 4.3E-6, 1.1E-6, 2.9E-6, 0.0, 0.0, 0.0, 0.0, 0.0, 8.1E-6, 0.0, 0.0, 0.0, 0.0, 1.947E-4
 1, 0, 3.0000000000000004E-7, 2.0E-6, 0.0, 1.97E-5, 6.900000000000001E-6, 1.4000000000000001E-6, 4.5E-6, 0.0, 0.0, 0.0, 0.0, 0.0, 1.24E-5, 0.0, 0.0, 0.0, 0.0, 2.35E-4
 1, 0, 3.0000000000000004E-7, 2.1E-6, 0.0, 9.9E-6, 4.4E-6, 9.000000000000001E-7, 3.1E-6, 0.0, 0.0, 0.0, 0.0, 0.0, 7.8E-6, 0.0, 0.0, 0.0, 0.0, 1.927E-4
 1, 0, 1.0000000000000001E-7, 2.0E-6, 0.0, 9.4E-6, 4.3E-6, 9.000000000000001E-7, 2.9E-6, 0.0, 0.0, 0.0, 0.0, 0.0, 8.000000000000001E-6, 0.0, 0.0, 0.0, 0.0, 2.001E-4
 1, 0, 4.0000000000000003E-7, 2.3E-6, 0.0, 1.0500000000000001E-5, 4.6E-6, 1.7E-6, 3.0E-6, 0.0, 0.0, 0.0, 0.0, 0.0, 9.4E-6, 0.0, 0.0, 0.0, 0.0, 2.399E-4
 1, 0, 1.0000000000000001E-7, 2.6E-6, 0.0, 9.5E-6, 3.9E-6, 1.0000000000000002E-6, 3.2E-6, 0.0, 0.0, 0.0, 0.0, 0.0, 9.9E-6, 0.0, 0.0, 0.0, 0.0, 2.242E-4
 1, 0, 4.0000000000000003E-7, 2.1E-6, 0.0, 8.8E-6, 4.000000000000001E-6, 8.000000000000001E-7, 3.2E-6, 0.0, 0.0, 0.0, 0.0, 0.0, 8.2E-6, 0.0, 0.0, 0.0, 0.0, 1.94E-4
 1, 0, 2.0000000000000002E-7, 2.5E-6, 0.0, 1.1000000000000001E-5, 4.800000000000001E-6, 1.2000000000000002E-6, 1.87E-5, 0.0, 0.0, 0.0, 0.0, 0.0, 9.2E-6, 0.0, 0.0, 0.0, 0.0, 2.502E-4
 1, 0, 4.0000000000000003E-7, 2.0E-6, 0.0, 9.3E-6, 4.3E-6, 9.000000000000001E-7, 3.8E-6, 0.0, 0.0, 0.0, 0.0, 0.0, 8.5E-6, 0.0, 0.0, 0.0, 0.0, 2.051E-4
 1, 0, 5.000000000000001E-7, 2.0E-6, 0.0, 9.800000000000001E-6, 4.5E-6, 1.0000000000000002E-6, 3.3E-6, 0.0, 0.0, 0.0, 0.0, 0.0, 8.8E-6, 0.0, 0.0, 0.0, 0.0, 2.035E-4
 1, 0, 1.0000000000000001E-7, 2.1E-6, 0.0, 9.7E-6, 4.3E-6, 1.0000000000000002E-6, 2.9E-6, 0.0, 0.0, 0.0, 0.0, 0.0, 8.2E-6, 0.0, 0.0, 0.0, 0.0, 2.013E-4
 1, 0, 5.000000000000001E-7, 1.8E-6, 0.0, 1.0700000000000001E-5, 4.7E-6, 1.2000000000000002E-6, 3.1E-6, 0.0, 0.0, 0.0, 0.0, 0.0, 8.5E-6, 0.0, 0.0, 0.0, 0.0, 2.186E-4
 1, 0, 3.0000000000000004E-7, 2.1E-6, 0.0, 9.800000000000001E-6, 4.7E-6, 9.000000000000001E-7, 3.1E-6, 0.0, 0.0, 0.0, 0.0, 0.0, 7.8E-6, 0.0, 0.0, 0.0, 0.0, 1.937E-4
 1, 0, 1.0000000000000001E-7, 2.0E-6, 0.0, 1.0300000000000001E-5, 4.9000000000000005E-6, 8.000000000000001E-7, 3.0E-6, 0.0, 0.0, 0.0, 0.0, 0.0, 8.1E-6, 0.0, 0.0, 0.0, 0.0, 2.09E-4
 1, 0, 2.0000000000000002E-7, 2.1E-6, 0.0, 9.3E-6, 4.2000000000000004E-6, 9.000000000000001E-7, 3.3E-6, 0.0, 0.0, 0.0, 0.0, 0.0, 8.8E-6, 0.0, 0.0, 0.0, 0.0, 2.138E-4
 1, 0, 2.0000000000000002E-7, 1.79E-5, 0.0, 9.7E-6, 4.6E-6, 1.1E-6, 2.9E-6, 0.0, 0.0, 0.0, 0.0, 0.0, 8.2E-6, 0.0, 0.0, 0.0, 0.0, 2.121E-4
 1, 0, 5.000000000000001E-7, 2.1E-6, 0.0, 9.5E-6, 4.5E-6, 1.1E-6, 2.7E-6, 0.0, 0.0, 0.0, 0.0, 0.0, 8.599999999999999E-6, 0.0, 0.0, 0.0, 0.0, 1.936E-4
 1, 0, 2.0000000000000002E-7, 2.3E-6, 0.0, 1.08E-5, 4.6E-6, 1.6000000000000001E-6, 3.2E-6, 0.0, 0.0, 0.0, 0.0, 0.0, 1.0E-5, 0.0, 0.0, 0.0, 0.0, 2.558E-4
 1, 0, 4.0000000000000003E-7, 1.85E-5, 0.0, 1.1400000000000001E-5, 5.7000000000000005E-6, 1.0000000000000002E-6, 3.6E-6, 0.0, 0.0, 0.0, 0.0, 0.0, 9.4E-6, 0.0, 0.0, 0.0, 0.0, 2.321E-4
 1, 0, 5.000000000000001E-7, 1.9E-6, 0.0, 9.4E-6, 4.4E-6, 1.0000000000000002E-6, 3.6E-6, 0.0, 0.0, 0.0, 0.0, 0.0, 8.5E-6, 0.0, 0.0, 0.0, 0.0, 1.973E-4
 1, 0, 3.0000000000000004E-7, 1.8E-6, 0.0, 9.800000000000001E-6, 4.800000000000001E-6, 9.000000000000001E-7, 3.3E-6, 0.0, 0.0, 0.0, 0.0, 0.0, 8.7E-6, 0.0, 0.0, 0.0, 0.0, 2.034E-4
 1, 0, 4.0000000000000003E-7, 1.8E-6, 0.0, 2.51E-5, 4.800000000000001E-6, 1.1E-6, 3.4E-6, 0.0, 0.0, 0.0, 0.0, 0.0, 8.3E-6, 0.0, 0.0, 0.0, 0.0, 2.498E-4
 1, 0, 3.0000000000000004E-7, 1.8E-6, 0.0, 9.9E-6, 4.6E-6, 1.0000000000000002E-6, 3.1E-6, 0.0, 0.0, 0.0, 0.0, 0.0, 8.0E-6, 0.0, 0.0, 0.0, 0.0, 1.998E-4
 1, 0, 8.000000000000001E-7, 3.0E-6, 0.0, 1.2800000000000001E-5, 6.6E-6, 1.3E-6, 4.5E-6, 0.0, 0.0, 0.0, 0.0, 0.0, 8.0E-6, 0.0, 0.0, 0.0, 0.0, 3.016E-4
 1, 0, 3.0000000000000004E-7, 2.2E-6, 0.0, 1.02E-5, 4.9000000000000005E-6, 1.1E-6, 2.41E-5, 0.0, 0.0, 0.0, 0.0, 0.0, 8.5E-6, 0.0, 0.0, 0.0, 0.0, 2.127E-4
 1, 0, 4.0000000000000003E-7, 2.1E-6, 0.0, 1.01E-5, 4.9000000000000005E-6, 1.2000000000000002E-6, 3.2E-6, 0.0, 0.0, 0.0, 0.0, 0.0, 8.1E-6, 0.0, 0.0, 0.0, 0.0, 1.991E-4
 1, 0, 2.0000000000000002E-7, 1.7E-6, 0.0, 6.5000000000000004E-6, 3.4E-6, 8.000000000000001E-7, 3.2E-6, 0.0, 0.0, 0.0, 0.0, 0.0, 5.7E-6, 0.0, 0.0, 0.0, 0.0, 1.432E-4
 1, 0, 2.0000000000000002E-7, 1.5E-6, 0.0, 6.200000000000001E-6, 3.3E-6, 5.000000000000001E-7, 1.05E-5, 0.0, 0.0, 0.0, 0.0, 0.0, 4.6E-6, 0.0, 0.0, 0.0, 0.0, 1.326E-4
 1, 0, 1.0000000000000001E-7, 1.2E-6, 0.0, 5.3E-6, 2.4000000000000003E-6, 7.000000000000001E-7, 2.1E-6, 0.0, 0.0, 0.0, 0.0, 0.0, 5.7E-6, 0.0, 0.0, 0.0, 0.0, 1.347E-4
 1, 0, 1.0000000000000001E-7, 1.5E-6, 0.0, 6.8E-6, 3.2000000000000003E-6, 8.000000000000001E-7, 3.0E-6, 0.0, 0.0, 0.0, 0.0, 0.0, 6.2E-6, 0.0, 0.0, 0.0, 0.0, 1.483E-4
 1, 0, 4.0000000000000003E-7, 1.8E-6, 0.0, 9.800000000000001E-6, 5.0E-6, 1.2000000000000002E-6, 3.1E-6, 0.0, 0.0, 0.0, 0.0, 0.0, 1.13E-5, 0.0, 0.0, 0.0, 0.0, 2.069E-4
 1, 0, 2.0000000000000002E-7, 1.4E-6, 0.0, 6.300000000000001E-6, 2.9E-6, 5.000000000000001E-7, 2.3E-6, 0.0, 0.0, 0.0, 0.0, 0.0, 7.0E-6, 0.0, 0.0, 0.0, 0.0, 1.448E-4
 1, 0, 2.0000000000000002E-7, 1.7E-6, 0.0, 7.4E-6, 3.9E-6, 7.000000000000001E-7, 2.7E-6, 0.0, 0.0, 0.0, 0.0, 0.0, 6.5E-6, 0.0, 0.0, 0.0, 0.0, 1.645E-4
 1, 0, 2.0000000000000002E-7, 1.8E-6, 0.0, 9.2E-6, 4.3E-6, 8.000000000000001E-7, 3.6E-6, 0.0, 0.0, 0.0, 0.0, 0.0, 8.5E-6, 0.0, 0.0, 0.0, 0.0, 1.963E-4
 1, 0, 3.0000000000000004E-7, 2.1E-6, 0.0, 9.100000000000001E-6, 4.2000000000000004E-6, 9.000000000000001E-7, 2.9E-6, 0.0, 0.0, 0.0, 0.0, 0.0, 8.7E-6, 0.0, 0.0, 0.0, 0.0, 1.921E-4
 1, 0, 5.000000000000001E-7, 2.0E-6, 0.0, 9.100000000000001E-6, 4.2000000000000004E-6, 9.000000000000001E-7, 3.0E-6, 0.0, 0.0, 0.0, 0.0, 0.0, 7.5E-6, 0.0, 0.0, 0.0, 0.0, 1.912E-4
 1, 0, 4.0000000000000003E-7, 2.0E-6, 0.0, 9.5E-6, 4.4E-6, 9.000000000000001E-7, 3.0E-6, 0.0, 0.0, 0.0, 0.0, 0.0, 7.8E-6, 0.0, 0.0, 0.0, 0.0, 1.955E-4
 1, 0, 2.0000000000000002E-7, 1.9E-6, 0.0, 8.900000000000001E-6, 4.000000000000001E-6, 8.000000000000001E-7, 3.2E-6, 0.0, 0.0, 0.0, 0.0, 0.0, 8.2E-6, 0.0, 0.0, 0.0, 0.0, 1.941E-4
 1, 0, 5.000000000000001E-7, 2.0E-6, 0.0, 9.3E-6, 4.000000000000001E-6, 1.0000000000000002E-6, 2.9E-6, 0.0, 0.0, 0.0, 0.0, 0.0, 8.4E-6, 0.0, 0.0, 0.0, 0.0, 2.105E-4
 1, 0, 5.000000000000001E-7, 2.1E-6, 0.0, 1.09E-5, 5.4E-6, 1.4000000000000001E-6, 2.7E-6, 0.0, 0.0, 0.0, 0.0, 0.0, 8.2E-6, 0.0, 0.0, 0.0, 0.0, 2.444E-4
 1, 0, 4.0000000000000003E-7, 2.6E-6, 0.0, 1.04E-5, 4.4E-6, 1.2000000000000002E-6, 3.4E-6, 0.0, 0.0, 0.0, 0.0, 0.0, 9.8E-6, 0.0, 0.0, 0.0, 0.0, 2.257E-4
 1, 0, 5.000000000000001E-7, 2.5E-6, 0.0, 1.2600000000000001E-5, 5.500000000000001E-6, 1.5E-6, 4.5E-6, 0.0, 0.0, 0.0, 0.0, 0.0, 1.06E-5, 0.0, 0.0, 0.0, 0.0, 2.478E-4
 1, 0, 5.000000000000001E-7, 2.5E-6, 0.0, 1.04E-5, 4.2000000000000004E-6, 1.4000000000000001E-6, 3.8E-6, 0.0, 0.0, 0.0, 0.0, 0.0, 9.2E-6, 0.0, 0.0, 0.0, 0.0, 2.311E-4
 1, 0, 2.0000000000000002E-7, 2.6E-6, 0.0, 1.15E-5, 5.1E-6, 1.2000000000000002E-6, 3.8E-6, 0.0, 0.0, 0.0, 0.0, 0.0, 9.8E-6, 0.0, 0.0, 0.0, 0.0, 2.369E-4
 1, 0, 4.0000000000000003E-7, 2.6E-6, 0.0, 1.09E-5, 4.800000000000001E-6, 1.0000000000000002E-6, 3.8E-6, 0.0, 0.0, 0.0, 0.0, 0.0, 1.0500000000000001E-5, 0.0, 0.0, 0.0, 0.0, 2.751E-4
 1, 0, 3.0000000000000004E-7, 1.9E-6, 0.0, 1.0300000000000001E-5, 4.6E-6, 9.000000000000001E-7, 3.2E-6, 0.0, 0.0, 0.0, 0.0, 0.0, 8.3E-6, 0.0, 0.0, 0.0, 0.0, 1.996E-4
 1, 0, 4.0000000000000003E-7, 2.6E-6, 0.0, 1.1200000000000001E-5, 5.0E-6, 1.4000000000000001E-6, 3.5E-6, 0.0, 0.0, 0.0, 0.0, 0.0, 9.800000000000001E-6, 0.0, 0.0, 0.0, 0.0, 2.344E-4
 1, 0, 4.0000000000000003E-7, 2.4E-6, 0.0, 2.04E-5, 7.100000000000001E-6, 1.6000000000000001E-6, 1.04E-5, 0.0, 0.0, 0.0, 0.0, 0.0, 1.4200000000000001E-5, 0.0, 0.0, 0.0, 0.0, 2.644E-4
 1, 0, 3.0000000000000004E-7, 2.2E-6, 0.0, 9.100000000000001E-6, 4.1000000000000006E-6, 1.0000000000000002E-6, 3.1E-6, 0.0, 0.0, 0.0, 0.0, 0.0, 8.4E-6, 0.0, 0.0, 0.0, 0.0, 2.186E-4
 1, 0, 1.0000000000000001E-7, 1.9E-6, 0.0, 9.800000000000001E-6, 4.5E-6, 1.1E-6, 3.6E-6, 0.0, 0.0, 0.0, 0.0, 0.0, 8.3E-6, 0.0, 0.0, 0.0, 0.0, 1.969E-4
 1, 0, 5.000000000000001E-7, 2.0E-6, 0.0, 9.4E-6, 4.4E-6, 8.000000000000001E-7, 3.1E-6, 0.0, 0.0, 0.0, 0.0, 0.0, 8.200000000000001E-6, 0.0, 0.0, 0.0, 0.0, 1.939E-4
 1, 0, 2.0000000000000002E-7, 2.2E-6, 0.0, 1.02E-5, 4.9000000000000005E-6, 1.1E-6, 3.0E-6, 0.0, 0.0, 0.0, 0.0, 0.0, 9.0E-6, 0.0, 0.0, 0.0, 0.0, 2.05E-4
 1, 0, 5.000000000000001E-7, 1.9E-6, 0.0, 1.15E-5, 6.1E-6, 1.0000000000000002E-6, 3.4E-6, 0.0, 0.0, 0.0, 0.0, 0.0, 4.96E-5, 0.0, 0.0, 0.0, 0.0, 4.987E-4
 1, 0, 4.0000000000000003E-7, 2.2E-6, 0.0, 9.2E-6, 4.4E-6, 9.000000000000001E-7, 2.7E-6, 0.0, 0.0, 0.0, 0.0, 0.0, 7.7E-6, 0.0, 0.0, 0.0, 0.0, 1.891E-4
 1, 0, 2.0000000000000002E-7, 2.3E-6, 0.0, 9.9E-6, 4.6E-6, 8.000000000000001E-7, 3.2E-6, 0.0, 0.0, 0.0, 0.0, 0.0, 8.5E-6, 0.0, 0.0, 0.0, 0.0, 2.173E-4
 1, 0, 5.000000000000001E-7, 2.3E-6, 0.0, 9.100000000000001E-6, 4.3E-6, 9.000000000000001E-7, 3.0E-6, 0.0, 0.0, 0.0, 0.0, 0.0, 2.68E-5, 0.0, 0.0, 0.0, 0.0, 2.233E-4
 1, 0, 5.000000000000001E-7, 2.4E-6, 0.0, 1.9E-5, 9.600000000000001E-6, 1.7E-6, 4.7E-6, 0.0, 0.0, 0.0, 0.0, 0.0, 1.39E-5, 0.0, 0.0, 0.0, 0.0, 4.461E-4
 1, 0, 3.0000000000000004E-7, 1.9E-6, 0.0, 9.100000000000001E-6, 4.1000000000000006E-6, 9.000000000000001E-7, 2.9E-6, 0.0, 0.0, 0.0, 0.0, 0.0, 7.8E-6, 0.0, 0.0, 0.0, 0.0, 1.761E-4
 1, 0, 2.0000000000000002E-7, 1.5E-6, 0.0, 7.100000000000001E-6, 3.6000000000000003E-6, 7.000000000000001E-7, 2.1E-6, 0.0, 0.0, 0.0, 0.0, 0.0, 6.2E-6, 0.0, 0.0, 0.0, 0.0, 1.551E-4
 1, 0, 1.0000000000000001E-7, 1.4E-6, 0.0, 5.500000000000001E-6, 2.8000000000000003E-6, 7.000000000000001E-7, 2.0E-6, 0.0, 0.0, 0.0, 0.0, 0.0, 4.5E-6, 0.0, 0.0, 0.0, 0.0, 1.319E-4
 1, 0, 2.0000000000000002E-7, 1.5E-6, 0.0, 5.7000000000000005E-6, 2.8000000000000003E-6, 5.000000000000001E-7, 2.1E-6, 0.0, 0.0, 0.0, 0.0, 0.0, 4.5E-6, 0.0, 0.0, 0.0, 0.0, 1.041E-4
 1, 0, 3.0000000000000004E-7, 1.3E-6, 0.0, 5.2E-6, 2.4000000000000003E-6, 8.000000000000001E-7, 2.2E-6, 0.0, 0.0, 0.0, 0.0, 0.0, 4.6E-6, 0.0, 0.0, 0.0, 0.0, 1.131E-4
 1, 0, 2.0000000000000002E-7, 1.4E-6, 0.0, 6.4000000000000006E-6, 3.1000000000000004E-6, 9.000000000000001E-7, 2.2E-6, 0.0, 0.0, 0.0, 0.0, 0.0, 5.9E-6, 0.0, 0.0, 0.0, 0.0, 1.754E-4
 1, 0, 2.0000000000000002E-7, 1.5E-6, 0.0, 6.200000000000001E-6, 2.9E-6, 6.000000000000001E-7, 1.69E-5, 0.0, 0.0, 0.0, 0.0, 0.0, 5.5E-6, 0.0, 0.0, 0.0, 0.0, 1.433E-4
 1, 0, 1.0000000000000001E-7, 1.4E-6, 0.0, 7.2000000000000005E-6, 3.5000000000000004E-6, 7.000000000000001E-7, 2.3E-6, 0.0, 0.0, 0.0, 0.0, 0.0, 6.0E-6, 0.0, 0.0, 0.0, 0.0, 1.396E-4
 1, 0, 2.0000000000000002E-7, 1.3E-6, 0.0, 7.000000000000001E-6, 3.0E-6, 6.000000000000001E-7, 2.6E-6, 0.0, 0.0, 0.0, 0.0, 0.0, 6.4E-6, 0.0, 0.0, 0.0, 0.0, 1.446E-4
 1, 0, 4.0000000000000003E-7, 2.0E-6, 0.0, 8.8E-6, 3.9E-6, 1.1E-6, 2.7E-6, 0.0, 0.0, 0.0, 0.0, 0.0, 7.8E-6, 0.0, 0.0, 0.0, 0.0, 1.684E-4
 1, 0, 3.0000000000000004E-7, 1.8E-6, 0.0, 9.600000000000001E-6, 4.4E-6, 1.2000000000000002E-6, 2.8E-6, 0.0, 0.0, 0.0, 0.0, 0.0, 8.7E-6, 0.0, 0.0, 0.0, 0.0, 1.738E-4
 1, 0, 4.0000000000000003E-7, 2.3E-6, 0.0, 1.04E-5, 4.1000000000000006E-6, 1.5E-6, 3.1E-6, 0.0, 0.0, 0.0, 0.0, 0.0, 1.06E-5, 0.0, 0.0, 0.0, 0.0, 2.06E-4
 1, 0, 2.0000000000000002E-7, 2.4E-6, 0.0, 9.5E-6, 4.3E-6, 1.1E-6, 3.2E-6, 0.0, 0.0, 0.0, 0.0, 0.0, 8.000000000000001E-6, 0.0, 0.0, 0.0, 0.0, 1.803E-4
 1, 0, 3.0000000000000004E-7, 2.0E-6, 0.0, 9.9E-6, 4.4E-6, 1.2000000000000002E-6, 3.2E-6, 0.0, 0.0, 0.0, 0.0, 0.0, 8.3E-6, 0.0, 0.0, 0.0, 0.0, 1.992E-4
 1, 0, 3.0000000000000004E-7, 1.9E-6, 0.0, 9.0E-6, 4.1000000000000006E-6, 8.000000000000001E-7, 3.0E-6, 0.0, 0.0, 0.0, 0.0, 0.0, 8.8E-6, 0.0, 0.0, 0.0, 0.0, 1.778E-4
 1, 0, 4.0000000000000003E-7, 1.9E-6, 0.0, 9.7E-6, 4.2000000000000004E-6, 1.1E-6, 3.0E-6, 0.0, 0.0, 0.0, 0.0, 0.0, 7.9E-6, 0.0, 0.0, 0.0, 0.0, 1.719E-4
 1, 0, 4.0000000000000003E-7, 2.5E-6, 0.0, 1.0700000000000001E-5, 5.2E-6, 1.1E-6, 2.7E-6, 0.0, 0.0, 0.0, 0.0, 0.0, 9.4E-6, 0.0, 0.0, 0.0, 0.0, 2.455E-4
 1, 0, 2.0000000000000002E-7, 2.5E-6, 0.0, 1.01E-5, 4.6E-6, 1.1E-6, 3.1E-6, 0.0, 0.0, 0.0, 0.0, 0.0, 8.900000000000001E-6, 0.0, 0.0, 0.0, 0.0, 1.843E-4
 1, 0, 3.0000000000000004E-7, 2.3E-6, 0.0, 1.23E-5, 5.9E-6, 1.2000000000000002E-6, 4.0E-6, 0.0, 0.0, 0.0, 0.0, 0.0, 1.04E-5, 0.0, 0.0, 0.0, 0.0, 3.282E-4
 1, 0, 3.0000000000000004E-7, 2.1E-6, 0.0, 9.4E-6, 4.2000000000000004E-6, 1.0000000000000002E-6, 2.8E-6, 0.0, 0.0, 0.0, 0.0, 0.0, 7.9E-6, 0.0, 0.0, 0.0, 0.0, 1.875E-4
 1, 0, 3.0000000000000004E-7, 1.9E-6, 0.0, 9.600000000000001E-6, 4.4E-6, 1.1E-6, 3.0E-6, 0.0, 0.0, 0.0, 0.0, 0.0, 7.9E-6, 0.0, 0.0, 0.0, 0.0, 1.794E-4
 1, 0, 3.0000000000000004E-7, 2.6E-6, 0.0, 9.9E-6, 4.4E-6, 1.2000000000000002E-6, 3.3E-6, 0.0, 0.0, 0.0, 0.0, 0.0, 8.9E-6, 0.0, 0.0, 0.0, 0.0, 2.265E-4
 1, 0, 3.0000000000000004E-7, 2.0E-6, 0.0, 9.800000000000001E-6, 4.3E-6, 1.1E-6, 3.2E-6, 0.0, 0.0, 0.0, 0.0, 0.0, 8.6E-6, 0.0, 0.0, 0.0, 0.0, 1.898E-4
 1, 0, 2.0000000000000002E-7, 2.1E-6, 0.0, 1.0E-5, 4.5E-6, 1.1E-6, 3.3E-6, 0.0, 0.0, 0.0, 0.0, 0.0, 9.299999999999999E-6, 0.0, 0.0, 0.0, 0.0, 1.961E-4
 1, 0, 3.0000000000000004E-7, 1.8E-6, 0.0, 9.800000000000001E-6, 4.4E-6, 1.1E-6, 2.8E-6, 0.0, 0.0, 0.0, 0.0, 0.0, 8.3E-6, 0.0, 0.0, 0.0, 0.0, 1.768E-4
 1, 0, 7.000000000000001E-7, 2.2E-6, 0.0, 1.0500000000000001E-5, 5.2E-6, 1.0000000000000002E-6, 3.1E-6, 0.0, 0.0, 0.0, 0.0, 0.0, 9.0E-6, 0.0, 0.0, 0.0, 0.0, 2.657E-4
 1, 0, 3.0000000000000004E-7, 2.1E-6, 0.0, 9.5E-6, 4.4E-6, 1.2000000000000002E-6, 2.8E-6, 0.0, 0.0, 0.0, 0.0, 0.0, 9.1E-6, 0.0, 0.0, 0.0, 0.0, 1.802E-4
 1, 0, 3.0000000000000004E-7, 2.0E-6, 0.0, 1.01E-5, 4.3E-6, 1.3E-6, 3.2E-6, 0.0, 0.0, 0.0, 0.0, 0.0, 8.5E-6, 0.0, 0.0, 0.0, 0.0, 1.825E-4
 1, 0, 4.0000000000000003E-7, 1.8E-6, 0.0, 9.800000000000001E-6, 4.4E-6, 1.3E-6, 3.0E-6, 0.0, 0.0, 0.0, 0.0, 0.0, 8.0E-6, 0.0, 0.0, 0.0, 0.0, 1.746E-4
 1, 0, 3.0000000000000004E-7, 2.3E-6, 0.0, 9.800000000000001E-6, 4.000000000000001E-6, 1.3E-6, 3.5E-6, 0.0, 0.0, 0.0, 0.0, 0.0, 8.5E-6, 0.0, 0.0, 0.0, 0.0, 1.838E-4
 1, 0, 3.0000000000000004E-7, 2.0E-6, 0.0, 9.100000000000001E-6, 4.000000000000001E-6, 1.1E-6, 1.89E-5, 0.0, 0.0, 0.0, 0.0, 0.0, 7.9E-6, 0.0, 0.0, 0.0, 0.0, 1.943E-4
 1, 0, 2.0000000000000002E-7, 1.8E-6, 0.0, 9.3E-6, 4.1000000000000006E-6, 1.1E-6, 2.8E-6, 0.0, 0.0, 0.0, 0.0, 0.0, 8.2E-6, 0.0, 0.0, 0.0, 0.0, 1.705E-4
 1, 0, 2.0000000000000002E-7, 2.0E-6, 0.0, 9.5E-6, 4.3E-6, 1.0000000000000002E-6, 3.1E-6, 0.0, 0.0, 0.0, 0.0, 0.0, 9.0E-6, 0.0, 0.0, 0.0, 0.0, 1.821E-4
 1, 0, 4.0000000000000003E-7, 2.2E-6, 0.0, 9.800000000000001E-6, 4.800000000000001E-6, 1.0000000000000002E-6, 2.9E-6, 0.0, 0.0, 0.0, 0.0, 0.0, 9.7E-6, 0.0, 0.0, 0.0, 0.0, 2.036E-4
 1, 0, 2.0000000000000002E-7, 2.6E-6, 0.0, 9.5E-6, 4.2000000000000004E-6, 1.0000000000000002E-6, 3.1E-6, 0.0, 0.0, 0.0, 0.0, 0.0, 9.800000000000001E-6, 0.0, 0.0, 0.0, 0.0, 2.115E-4
 1, 0, 1.0000000000000001E-7, 1.9E-6, 0.0, 1.0700000000000001E-5, 5.0E-6, 1.3E-6, 3.4E-6, 0.0, 0.0, 0.0, 0.0, 0.0, 8.400000000000001E-6, 0.0, 0.0, 0.0, 0.0, 1.817E-4
 1, 0, 4.0000000000000003E-7, 2.0E-6, 0.0, 1.0E-5, 4.5E-6, 1.1E-6, 3.3E-6, 0.0, 0.0, 0.0, 0.0, 0.0, 7.9E-6, 0.0, 0.0, 0.0, 0.0, 2.877E-4
 1, 0, 3.0000000000000004E-7, 2.6E-6, 0.0, 1.0300000000000001E-5, 4.7E-6, 1.0000000000000002E-6, 4.0E-6, 0.0, 0.0, 0.0, 0.0, 0.0, 1.02E-5, 0.0, 0.0, 0.0, 0.0, 2.255E-4
 1, 0, 4.0000000000000003E-7, 2.3E-6, 0.0, 1.1200000000000001E-5, 5.1E-6, 1.3E-6, 3.8E-6, 0.0, 0.0, 0.0, 0.0, 0.0, 8.8E-6, 0.0, 0.0, 0.0, 0.0, 2.18E-4
 1, 0, 3.0000000000000004E-7, 3.7E-6, 0.0, 3.94E-5, 6.900000000000001E-6, 1.6000000000000001E-6, 8.0E-6, 0.0, 0.0, 0.0, 0.0, 0.0, 1.55E-5, 0.0, 0.0, 0.0, 0.0, 3.584E-4
 1, 0, 5.000000000000001E-7, 2.4E-6, 0.0, 1.1000000000000001E-5, 4.800000000000001E-6, 1.6000000000000001E-6, 4.0E-6, 0.0, 0.0, 0.0, 0.0, 0.0, 9.3E-6, 0.0, 0.0, 0.0, 0.0, 2.188E-4
 1, 0, 1.0500000000000001E-5, 3.2E-6, 0.0, 1.95E-5, 1.01E-5, 1.9E-6, 5.0E-6, 0.0, 0.0, 0.0, 0.0, 0.0, 1.45E-5, 0.0, 0.0, 0.0, 0.0, 2.753E-4
 1, 0, 2.0000000000000002E-7, 2.7E-6, 0.0, 1.0700000000000001E-5, 4.7E-6, 1.1E-6, 3.6E-6, 0.0, 0.0, 0.0, 0.0, 0.0, 3.2E-5, 0.0, 0.0, 0.0, 0.0, 2.45E-4
 1, 0, 4.0000000000000003E-7, 2.4E-6, 0.0, 1.0E-5, 4.3E-6, 1.0000000000000002E-6, 3.8E-6, 0.0, 0.0, 0.0, 0.0, 0.0, 1.01E-5, 0.0, 0.0, 0.0, 0.0, 2.028E-4
 1, 0, 2.0000000000000002E-7, 2.6E-6, 0.0, 1.23E-5, 6.0E-6, 1.4000000000000001E-6, 3.8E-6, 0.0, 0.0, 0.0, 0.0, 0.0, 9.800000000000001E-6, 0.0, 0.0, 0.0, 0.0, 2.317E-4
 1, 0, 2.0000000000000002E-7, 2.7E-6, 0.0, 1.1900000000000001E-5, 5.4E-6, 1.6000000000000001E-6, 4.0E-6, 0.0, 0.0, 0.0, 0.0, 0.0, 1.09E-5, 0.0, 0.0, 0.0, 0.0, 2.314E-4
 1, 0, 1.0000000000000001E-7, 2.5E-6, 0.0, 1.15E-5, 5.3E-6, 1.4000000000000001E-6, 3.9E-6, 0.0, 0.0, 0.0, 0.0, 0.0, 1.04E-5, 0.0, 0.0, 0.0, 0.0, 2.274E-4
 1, 0, 2.0000000000000002E-7, 2.3E-6, 0.0, 9.3E-6, 4.2000000000000004E-6, 1.1E-6, 2.14E-5, 0.0, 0.0, 0.0, 0.0, 0.0, 9.5E-6, 0.0, 0.0, 0.0, 0.0, 2.202E-4
 1, 0, 4.0000000000000003E-7, 2.2E-6, 0.0, 1.01E-5, 4.4E-6, 1.1E-6, 2.9E-6, 0.0, 0.0, 0.0, 0.0, 0.0, 9.4E-6, 0.0, 0.0, 0.0, 0.0, 1.994E-4
 1, 0, 4.0000000000000003E-7, 2.6E-6, 0.0, 1.1700000000000001E-5, 5.500000000000001E-6, 1.2000000000000002E-6, 3.9E-6, 0.0, 0.0, 0.0, 0.0, 0.0, 1.06E-5, 0.0, 0.0, 0.0, 0.0, 2.312E-4
 1, 0, 3.0000000000000004E-7, 2.6E-6, 0.0, 1.04E-5, 4.7E-6, 1.2000000000000002E-6, 3.7E-6, 0.0, 0.0, 0.0, 0.0, 0.0, 9.3E-6, 0.0, 0.0, 0.0, 0.0, 2.042E-4
 1, 0, 4.0000000000000003E-7, 3.1E-6, 0.0, 2.25E-5, 1.39E-5, 1.7E-6, 3.3E-6, 0.0, 0.0, 0.0, 0.0, 0.0, 1.22E-5, 0.0, 0.0, 0.0, 0.0, 2.493E-4
 1, 0, 7.000000000000001E-7, 2.7E-6, 0.0, 1.4200000000000001E-5, 7.100000000000001E-6, 1.4000000000000001E-6, 4.5E-6, 0.0, 0.0, 0.0, 0.0, 0.0, 1.2E-5, 0.0, 0.0, 0.0, 0.0, 2.803E-4
 1, 0, 2.0000000000000002E-7, 2.1E-6, 0.0, 1.0700000000000001E-5, 5.1E-6, 1.3E-6, 2.07E-5, 0.0, 0.0, 0.0, 0.0, 0.0, 8.3E-6, 0.0, 0.0, 0.0, 0.0, 2.29E-4
 1, 0, 4.0000000000000003E-7, 2.3E-6, 0.0, 1.0300000000000001E-5, 4.7E-6, 1.2000000000000002E-6, 3.2E-6, 0.0, 0.0, 0.0, 0.0, 0.0, 9.600000000000001E-6, 0.0, 0.0, 0.0, 0.0, 2.017E-4
 1, 0, 4.0000000000000003E-7, 2.9E-6, 0.0, 1.09E-5, 4.9000000000000005E-6, 1.3E-6, 3.8E-6, 0.0, 0.0, 0.0, 0.0, 0.0, 9.100000000000001E-6, 0.0, 0.0, 0.0, 0.0, 2.182E-4
 1, 0, 4.0000000000000003E-7, 2.5E-6, 0.0, 1.1900000000000001E-5, 5.500000000000001E-6, 1.4000000000000001E-6, 4.5E-6, 0.0, 0.0, 0.0, 0.0, 0.0, 9.5E-6, 0.0, 0.0, 0.0, 0.0, 2.38E-4
 1, 0, 4.0000000000000003E-7, 2.6E-6, 0.0, 1.2800000000000001E-5, 5.4E-6, 1.5E-6, 4.1E-6, 0.0, 0.0, 0.0, 0.0, 0.0, 1.0E-5, 0.0, 0.0, 0.0, 0.0, 2.848E-4
 1, 0, 5.000000000000001E-7, 2.5E-6, 0.0, 1.09E-5, 4.2000000000000004E-6, 1.4000000000000001E-6, 4.1E-6, 0.0, 0.0, 0.0, 0.0, 0.0, 1.0E-5, 0.0, 0.0, 0.0, 0.0, 2.087E-4
 1, 0, 1.0000000000000001E-7, 1.8E-6, 0.0, 9.5E-6, 4.000000000000001E-6, 1.2000000000000002E-6, 2.8E-6, 0.0, 0.0, 0.0, 0.0, 0.0, 8.400000000000001E-6, 0.0, 0.0, 0.0, 0.0, 1.84E-4
 1, 0, 4.0000000000000003E-7, 1.8E-6, 0.0, 9.4E-6, 4.1000000000000006E-6, 1.1E-6, 2.9E-6, 0.0, 0.0, 0.0, 0.0, 0.0, 8.5E-6, 0.0, 0.0, 0.0, 0.0, 2.127E-4
 1, 0, 3.0000000000000004E-7, 2.0E-6, 0.0, 9.2E-6, 4.1000000000000006E-6, 1.0000000000000002E-6, 2.8E-6, 0.0, 0.0, 0.0, 0.0, 0.0, 8.9E-6, 0.0, 0.0, 0.0, 0.0, 1.644E-4
 1, 0, 5.000000000000001E-7, 2.3E-6, 0.0, 1.5300000000000003E-5, 7.4E-6, 1.3E-6, 3.9E-6, 0.0, 0.0, 0.0, 0.0, 0.0, 1.1599999999999999E-5, 0.0, 0.0, 0.0, 0.0, 2.562E-4
 1, 0, 2.0000000000000002E-7, 1.8E-6, 0.0, 8.400000000000001E-6, 3.6000000000000003E-6, 8.000000000000001E-7, 3.1E-6, 0.0, 0.0, 0.0, 0.0, 0.0, 7.9E-6, 0.0, 0.0, 0.0, 0.0, 1.8E-4
 1, 0, 2.0000000000000002E-7, 1.9E-6, 0.0, 9.3E-6, 4.1000000000000006E-6, 9.000000000000001E-7, 3.7E-6, 0.0, 0.0, 0.0, 0.0, 0.0, 8.1E-6, 0.0, 0.0, 0.0, 0.0, 1.676E-4
 1, 0, 6.000000000000001E-7, 3.2E-6, 0.0, 1.62E-5, 8.3E-6, 1.5E-6, 3.0E-6, 0.0, 0.0, 0.0, 0.0, 0.0, 9.98E-5, 0.0, 0.0, 0.0, 0.0, 3.875E-4
 1, 0, 5.000000000000001E-7, 2.4E-6, 0.0, 1.43E-5, 7.100000000000001E-6, 1.4000000000000001E-6, 3.6E-6, 0.0, 0.0, 0.0, 0.0, 0.0, 1.06E-5, 0.0, 0.0, 0.0, 0.0, 2.222E-4
 1, 0, 3.0000000000000004E-7, 2.1E-6, 0.0, 9.5E-6, 4.3E-6, 8.000000000000001E-7, 2.9E-6, 0.0, 0.0, 0.0, 0.0, 0.0, 8.9E-6, 0.0, 0.0, 0.0, 0.0, 1.669E-4
 1, 0, 3.0000000000000004E-7, 2.1E-6, 0.0, 9.100000000000001E-6, 4.1000000000000006E-6, 1.1E-6, 3.2E-6, 0.0, 0.0, 0.0, 0.0, 0.0, 8.3E-6, 0.0, 0.0, 0.0, 0.0, 1.635E-4
 1, 0, 4.0000000000000003E-7, 2.6E-6, 0.0, 1.04E-5, 5.0E-6, 1.1E-6, 3.5E-6, 0.0, 0.0, 0.0, 0.0, 0.0, 9.7E-6, 0.0, 0.0, 0.0, 0.0, 2.056E-4
 1, 0, 4.0000000000000003E-7, 3.2E-6, 0.0, 2.4500000000000003E-5, 1.4700000000000002E-5, 2.2E-6, 4.1E-6, 0.0, 0.0, 0.0, 0.0, 0.0, 1.3500000000000001E-5, 0.0, 0.0, 0.0, 0.0, 3.161E-4
 1, 0, 3.0000000000000004E-7, 2.0E-6, 0.0, 8.900000000000001E-6, 3.9E-6, 9.000000000000001E-7, 2.9E-6, 0.0, 0.0, 0.0, 0.0, 0.0, 8.4E-6, 0.0, 0.0, 0.0, 0.0, 1.731E-4
 1, 0, 3.0000000000000004E-7, 1.8E-6, 0.0, 8.7E-6, 4.000000000000001E-6, 9.000000000000001E-7, 3.1E-6, 0.0, 0.0, 0.0, 0.0, 0.0, 8.1E-6, 0.0, 0.0, 0.0, 0.0, 1.623E-4
 1, 0, 4.0000000000000003E-7, 2.2E-6, 0.0, 9.9E-6, 4.5E-6, 1.0000000000000002E-6, 3.2E-6, 0.0, 0.0, 0.0, 0.0, 0.0, 8.3E-6, 0.0, 0.0, 0.0, 0.0, 1.756E-4
 1, 0, 3.0000000000000004E-7, 2.0E-6, 0.0, 9.2E-6, 4.1000000000000006E-6, 8.000000000000001E-7, 2.8E-6, 0.0, 0.0, 0.0, 0.0, 0.0, 8.9E-6, 0.0, 0.0, 0.0, 0.0, 1.673E-4
 1, 0, 6.000000000000001E-7, 2.3E-6, 0.0, 1.3100000000000002E-5, 5.9E-6, 1.5E-6, 3.3E-6, 0.0, 0.0, 0.0, 0.0, 0.0, 9.999999999999999E-6, 0.0, 0.0, 0.0, 0.0, 2.571E-4
 1, 0, 1.0000000000000001E-7, 2.2E-6, 0.0, 9.600000000000001E-6, 4.6E-6, 9.000000000000001E-7, 3.2E-6, 0.0, 0.0, 0.0, 0.0, 0.0, 8.400000000000001E-6, 0.0, 0.0, 0.0, 0.0, 1.672E-4
 1, 0, 4.0000000000000003E-7, 2.1E-6, 0.0, 1.08E-5, 4.9000000000000005E-6, 1.0000000000000002E-6, 3.9E-6, 0.0, 0.0, 0.0, 0.0, 0.0, 9.2E-6, 0.0, 0.0, 0.0, 0.0, 1.833E-4
 1, 0, 4.0000000000000003E-7, 2.4E-6, 0.0, 9.2E-6, 4.3E-6, 1.1E-6, 2.9E-6, 0.0, 0.0, 0.0, 0.0, 0.0, 8.4E-6, 0.0, 0.0, 0.0, 0.0, 1.875E-4
 1, 0, 3.0000000000000004E-7, 2.0E-6, 0.0, 9.2E-6, 4.000000000000001E-6, 8.000000000000001E-7, 2.8E-6, 0.0, 0.0, 0.0, 0.0, 0.0, 8.400000000000001E-6, 0.0, 0.0, 0.0, 0.0, 1.774E-4
 1, 0, 2.0000000000000002E-7, 1.9E-6, 0.0, 1.0300000000000001E-5, 4.800000000000001E-6, 1.1E-6, 3.0E-6, 0.0, 0.0, 0.0, 0.0, 0.0, 9.600000000000001E-6, 0.0, 0.0, 0.0, 0.0, 1.726E-4
 1, 0, 4.0000000000000003E-7, 3.0E-6, 0.0, 1.0700000000000001E-5, 4.800000000000001E-6, 1.1E-6, 4.1E-6, 0.0, 0.0, 0.0, 0.0, 0.0, 2.15E-5, 0.0, 0.0, 0.0, 0.0, 2.618E-4
 1, 0, 5.000000000000001E-7, 2.7E-6, 0.0, 1.08E-5, 4.800000000000001E-6, 1.1E-6, 4.1E-6, 0.0, 0.0, 0.0, 0.0, 0.0, 9.9E-6, 0.0, 0.0, 0.0, 0.0, 2.406E-4
 1, 0, 4.0000000000000003E-7, 2.4E-6, 0.0, 1.01E-5, 4.7E-6, 1.2000000000000002E-6, 3.5E-6, 0.0, 0.0, 0.0, 0.0, 0.0, 9.5E-6, 0.0, 0.0, 0.0, 0.0, 1.927E-4
 1, 0, 2.0000000000000002E-7, 2.7E-6, 0.0, 9.600000000000001E-6, 4.3E-6, 1.1E-6, 3.3E-6, 0.0, 0.0, 0.0, 0.0, 0.0, 9.2E-6, 0.0, 0.0, 0.0, 0.0, 1.946E-4
 1, 0, 1.0000000000000001E-7, 1.7E-6, 0.0, 1.0E-5, 4.5E-6, 8.000000000000001E-7, 3.2E-6, 0.0, 0.0, 0.0, 0.0, 0.0, 8.6E-6, 0.0, 0.0, 0.0, 0.0, 1.738E-4
 1, 0, 1.0000000000000001E-7, 2.0E-6, 0.0, 1.97E-5, 1.34E-5, 1.6000000000000001E-6, 3.0E-6, 0.0, 0.0, 0.0, 0.0, 0.0, 1.02E-5, 0.0, 0.0, 0.0, 0.0, 1.905E-4
 1, 0, 2.0000000000000002E-7, 3.1E-6, 0.0, 1.13E-5, 4.7E-6, 1.2000000000000002E-6, 3.8E-6, 0.0, 0.0, 0.0, 0.0, 0.0, 1.16E-5, 0.0, 0.0, 0.0, 0.0, 2.361E-4
 1, 0, 2.0000000000000002E-7, 1.3E-6, 0.0, 5.8E-6, 2.4000000000000003E-6, 6.000000000000001E-7, 2.0E-6, 0.0, 0.0, 0.0, 0.0, 0.0, 5.7E-6, 0.0, 0.0, 0.0, 0.0, 1.147E-4
 1, 0, 2.0000000000000002E-7, 1.4E-6, 0.0, 6.5000000000000004E-6, 3.0E-6, 8.000000000000001E-7, 2.1E-6, 0.0, 0.0, 0.0, 0.0, 0.0, 5.7E-6, 0.0, 0.0, 0.0, 0.0, 1.323E-4
 1, 0, 2.0000000000000002E-7, 1.2E-6, 0.0, 5.8E-6, 2.6E-6, 5.000000000000001E-7, 2.3E-6, 0.0, 0.0, 0.0, 0.0, 0.0, 5.6E-6, 0.0, 0.0, 0.0, 0.0, 1.164E-4
 1, 0, 2.0000000000000002E-7, 1.3E-6, 0.0, 5.9E-6, 2.9E-6, 6.000000000000001E-7, 2.0E-6, 0.0, 0.0, 0.0, 0.0, 0.0, 5.899999999999999E-6, 0.0, 0.0, 0.0, 0.0, 1.169E-4
 1, 0, 2.0000000000000002E-7, 2.2E-6, 0.0, 9.100000000000001E-6, 4.1000000000000006E-6, 9.000000000000001E-7, 3.2E-6, 0.0, 0.0, 0.0, 0.0, 0.0, 7.9E-6, 0.0, 0.0, 0.0, 0.0, 1.694E-4
 1, 0, 2.0000000000000002E-7, 2.3E-6, 0.0, 1.01E-5, 4.6E-6, 1.1E-6, 4.1E-6, 0.0, 0.0, 0.0, 0.0, 0.0, 9.9E-6, 0.0, 0.0, 0.0, 0.0, 1.933E-4
 1, 0, 5.000000000000001E-7, 2.9E-6, 0.0, 1.02E-5, 4.4E-6, 1.2000000000000002E-6, 3.4E-6, 0.0, 0.0, 0.0, 0.0, 0.0, 2.56E-5, 0.0, 0.0, 0.0, 0.0, 2.466E-4
 1, 0, 5.000000000000001E-7, 3.0E-6, 0.0, 1.4200000000000001E-5, 6.8E-6, 1.6000000000000001E-6, 4.4E-6, 0.0, 0.0, 0.0, 0.0, 0.0, 1.1E-5, 0.0, 0.0, 0.0, 0.0, 2.265E-4
 1, 0, 4.0000000000000003E-7, 2.8E-6, 0.0, 1.0E-5, 4.4E-6, 1.1E-6, 4.0E-6, 0.0, 0.0, 0.0, 0.0, 0.0, 9.7E-6, 0.0, 0.0, 0.0, 0.0, 1.97E-4
 1, 0, 4.0000000000000003E-7, 2.2E-6, 0.0, 1.11E-5, 4.9000000000000005E-6, 1.0000000000000002E-6, 3.8E-6, 0.0, 0.0, 0.0, 0.0, 0.0, 1.0500000000000001E-5, 0.0, 0.0, 0.0, 0.0, 2.083E-4
 1, 0, 2.0000000000000002E-7, 2.6E-6, 0.0, 9.9E-6, 4.4E-6, 1.1E-6, 3.4E-6, 0.0, 0.0, 0.0, 0.0, 0.0, 9.0E-6, 0.0, 0.0, 0.0, 0.0, 1.898E-4
 1, 0, 4.0000000000000003E-7, 2.4E-6, 0.0, 9.9E-6, 4.2000000000000004E-6, 1.2000000000000002E-6, 3.0E-6, 0.0, 0.0, 0.0, 0.0, 0.0, 9.4E-6, 0.0, 0.0, 0.0, 0.0, 1.927E-4
 1, 0, 4.0000000000000003E-7, 2.5E-6, 0.0, 1.04E-5, 4.7E-6, 1.1E-6, 3.9E-6, 0.0, 0.0, 0.0, 0.0, 0.0, 9.4E-6, 0.0, 0.0, 0.0, 0.0, 2.02E-4
 1, 0, 3.0000000000000004E-7, 2.2E-6, 0.0, 1.01E-5, 4.000000000000001E-6, 1.1E-6, 3.2E-6, 0.0, 0.0, 0.0, 0.0, 0.0, 9.600000000000001E-6, 0.0, 0.0, 0.0, 0.0, 2.112E-4
 1, 0, 4.0000000000000003E-7, 2.7E-6, 0.0, 1.11E-5, 4.9000000000000005E-6, 1.2000000000000002E-6, 3.9E-6, 0.0, 0.0, 0.0, 0.0, 0.0, 1.01E-5, 0.0, 0.0, 0.0, 0.0, 2.568E-4
 1, 0, 4.0000000000000003E-7, 2.3E-6, 0.0, 1.0300000000000001E-5, 4.3E-6, 1.4000000000000001E-6, 3.2E-6, 0.0, 0.0, 0.0, 0.0, 0.0, 1.01E-5, 0.0, 0.0, 0.0, 0.0, 1.929E-4
 1, 0, 4.0000000000000003E-7, 1.8E-6, 0.0, 8.7E-6, 3.9E-6, 9.000000000000001E-7, 3.1E-6, 0.0, 0.0, 0.0, 0.0, 0.0, 8.5E-6, 0.0, 0.0, 0.0, 0.0, 1.675E-4
 1, 0, 2.0000000000000002E-7, 2.1E-6, 0.0, 9.800000000000001E-6, 4.3E-6, 1.1E-6, 3.0E-6, 0.0, 0.0, 0.0, 0.0, 0.0, 9.0E-6, 0.0, 0.0, 0.0, 0.0, 1.779E-4
 1, 0, 2.0000000000000002E-7, 1.9E-6, 0.0, 9.5E-6, 4.6E-6, 1.0000000000000002E-6, 3.2E-6, 0.0, 0.0, 0.0, 0.0, 0.0, 7.8E-6, 0.0, 0.0, 0.0, 0.0, 1.644E-4
 1, 0, 3.0000000000000004E-7, 1.9E-6, 0.0, 9.4E-6, 4.1000000000000006E-6, 1.0000000000000002E-6, 2.8E-6, 0.0, 0.0, 0.0, 0.0, 0.0, 8.3E-6, 0.0, 0.0, 0.0, 0.0, 1.637E-4
 1, 0, 3.0000000000000004E-7, 2.3E-6, 0.0, 2.58E-5, 4.2000000000000004E-6, 8.000000000000001E-7, 3.3E-6, 0.0, 0.0, 0.0, 0.0, 0.0, 8.8E-6, 0.0, 0.0, 0.0, 0.0, 1.875E-4
 1, 0, 2.0000000000000002E-7, 1.9E-6, 0.0, 1.0E-5, 4.9000000000000005E-6, 1.0000000000000002E-6, 3.4E-6, 0.0, 0.0, 0.0, 0.0, 0.0, 8.1E-6, 0.0, 0.0, 0.0, 0.0, 1.738E-4
 1, 0, 2.0000000000000002E-7, 2.4E-6, 0.0, 8.900000000000001E-6, 4.1000000000000006E-6, 9.000000000000001E-7, 3.1E-6, 0.0, 0.0, 0.0, 0.0, 0.0, 7.9E-6, 0.0, 0.0, 0.0, 0.0, 1.63E-4
 1, 0, 3.0000000000000004E-7, 2.2E-6, 0.0, 9.600000000000001E-6, 4.5E-6, 9.000000000000001E-7, 3.0E-6, 0.0, 0.0, 0.0, 0.0, 0.0, 8.900000000000001E-6, 0.0, 0.0, 0.0, 0.0, 1.708E-4
 1, 0, 4.0000000000000003E-7, 2.4E-6, 0.0, 1.08E-5, 4.7E-6, 1.2000000000000002E-6, 3.4E-6, 0.0, 0.0, 0.0, 0.0, 0.0, 1.83E-5, 0.0, 0.0, 0.0, 0.0, 2.046E-4
 1, 0, 2.0000000000000002E-7, 1.8E-6, 0.0, 9.100000000000001E-6, 3.7E-6, 9.000000000000001E-7, 2.8E-6, 0.0, 0.0, 0.0, 0.0, 0.0, 7.7E-6, 0.0, 0.0, 0.0, 0.0, 1.657E-4
 1, 0, 5.000000000000001E-7, 2.1E-6, 0.0, 1.04E-5, 5.1E-6, 1.0000000000000002E-6, 3.7E-6, 0.0, 0.0, 0.0, 0.0, 0.0, 9.3E-6, 0.0, 0.0, 0.0, 0.0, 1.864E-4
 1, 0, 4.0000000000000003E-7, 1.9E-6, 0.0, 9.3E-6, 4.1000000000000006E-6, 1.0000000000000002E-6, 3.1E-6, 0.0, 0.0, 0.0, 0.0, 0.0, 8.4E-6, 0.0, 0.0, 0.0, 0.0, 1.809E-4
 1, 0, 4.0000000000000003E-7, 2.5E-6, 0.0, 1.0500000000000001E-5, 4.3E-6, 1.3E-6, 3.9E-6, 0.0, 0.0, 0.0, 0.0, 0.0, 1.0300000000000001E-5, 0.0, 0.0, 0.0, 0.0, 1.979E-4
 1, 0, 2.0000000000000002E-7, 1.9E-6, 0.0, 9.0E-6, 4.000000000000001E-6, 8.000000000000001E-7, 3.2E-6, 0.0, 0.0, 0.0, 0.0, 0.0, 8.6E-6, 0.0, 0.0, 0.0, 0.0, 1.668E-4
 1, 0, 5.000000000000001E-7, 3.5E-6, 0.0, 1.8900000000000002E-5, 9.100000000000001E-6, 2.0000000000000003E-6, 4.6E-6, 0.0, 0.0, 0.0, 0.0, 0.0, 1.4400000000000001E-5, 0.0, 0.0, 0.0, 0.0, 2.557E-4
 1, 0, 2.0000000000000002E-7, 2.5E-6, 0.0, 9.5E-6, 3.9E-6, 1.1E-6, 3.7E-6, 0.0, 0.0, 0.0, 0.0, 0.0, 9.0E-6, 0.0, 0.0, 0.0, 0.0, 1.949E-4
 1, 0, 4.0000000000000003E-7, 2.7E-6, 0.0, 1.1400000000000001E-5, 5.3E-6, 1.2000000000000002E-6, 3.9E-6, 0.0, 0.0, 0.0, 0.0, 0.0, 9.2E-6, 0.0, 0.0, 0.0, 0.0, 2.747E-4
 1, 0, 4.0000000000000003E-7, 2.4E-6, 0.0, 1.06E-5, 4.9000000000000005E-6, 1.1E-6, 3.9E-6, 0.0, 0.0, 0.0, 0.0, 0.0, 1.09E-5, 0.0, 0.0, 0.0, 0.0, 2.077E-4
 1, 0, 3.0000000000000004E-7, 2.27E-5, 0.0, 1.0500000000000001E-5, 5.0E-6, 1.2000000000000002E-6, 3.4E-6, 0.0, 0.0, 0.0, 0.0, 0.0, 9.0E-6, 0.0, 0.0, 0.0, 0.0, 2.104E-4
 1, 0, 3.0000000000000004E-7, 1.9E-6, 0.0, 8.6E-6, 3.5000000000000004E-6, 1.0000000000000002E-6, 2.9E-6, 0.0, 0.0, 0.0, 0.0, 0.0, 8.1E-6, 0.0, 0.0, 0.0, 0.0, 1.701E-4
 1, 0, 3.0000000000000004E-7, 2.1E-6, 0.0, 9.3E-6, 4.3E-6, 8.000000000000001E-7, 3.3E-6, 0.0, 0.0, 0.0, 0.0, 0.0, 7.7E-6, 0.0, 0.0, 0.0, 0.0, 1.665E-4
 1, 0, 2.0000000000000002E-7, 2.2E-6, 0.0, 1.0500000000000001E-5, 5.0E-6, 1.2000000000000002E-6, 3.5E-6, 0.0, 0.0, 0.0, 0.0, 0.0, 9.8E-6, 0.0, 0.0, 0.0, 0.0, 1.982E-4
 1, 0, 1.0000000000000001E-7, 2.2E-6, 0.0, 1.1200000000000001E-5, 5.3E-6, 1.4000000000000001E-6, 3.8E-6, 0.0, 0.0, 0.0, 0.0, 0.0, 9.4E-6, 0.0, 0.0, 0.0, 0.0, 2.149E-4
 1, 0, 4.0000000000000003E-7, 2.5E-6, 0.0, 9.800000000000001E-6, 4.3E-6, 1.1E-6, 3.5E-6, 0.0, 0.0, 0.0, 0.0, 0.0, 9.9E-6, 0.0, 0.0, 0.0, 0.0, 1.926E-4
 1, 0, 5.000000000000001E-7, 2.3E-6, 0.0, 1.5700000000000002E-5, 7.4E-6, 1.7E-6, 4.2E-6, 0.0, 0.0, 0.0, 0.0, 0.0, 1.2E-5, 0.0, 0.0, 0.0, 0.0, 3.371E-4
 1, 0, 4.0000000000000003E-7, 2.4E-6, 0.0, 9.800000000000001E-6, 4.000000000000001E-6, 1.2000000000000002E-6, 3.2E-6, 0.0, 0.0, 0.0, 0.0, 0.0, 9.7E-6, 0.0, 0.0, 0.0, 0.0, 1.971E-4
 1, 0, 2.0000000000000002E-7, 2.6E-6, 0.0, 9.5E-6, 4.2000000000000004E-6, 1.2000000000000002E-6, 3.1E-6, 0.0, 0.0, 0.0, 0.0, 0.0, 8.9E-6, 0.0, 0.0, 0.0, 0.0, 1.893E-4
 1, 0, 2.0000000000000002E-7, 2.4E-6, 0.0, 8.900000000000001E-6, 3.7E-6, 1.2000000000000002E-6, 3.1E-6, 0.0, 0.0, 0.0, 0.0, 0.0, 9.2E-6, 0.0, 0.0, 0.0, 0.0, 1.904E-4
 1, 0, 2.0000000000000002E-7, 2.2E-6, 0.0, 9.2E-6, 4.2000000000000004E-6, 9.000000000000001E-7, 2.4E-6, 0.0, 0.0, 0.0, 0.0, 0.0, 2.93E-5, 0.0, 0.0, 0.0, 0.0, 3.111E-4
 1, 0, 4.0000000000000003E-7, 2.6E-6, 0.0, 1.1400000000000001E-5, 5.0E-6, 1.2000000000000002E-6, 3.8E-6, 0.0, 0.0, 0.0, 0.0, 0.0, 9.6E-6, 0.0, 0.0, 0.0, 0.0, 2.05E-4
 1, 0, 4.0000000000000003E-7, 2.3E-6, 0.0, 9.600000000000001E-6, 3.9E-6, 9.000000000000001E-7, 3.1E-6, 0.0, 0.0, 0.0, 0.0, 0.0, 9.3E-6, 0.0, 0.0, 0.0, 0.0, 1.921E-4
 1, 0, 5.000000000000001E-7, 2.3E-6, 0.0, 1.02E-5, 4.6E-6, 1.1E-6, 3.1E-6, 0.0, 0.0, 0.0, 0.0, 0.0, 9.6E-6, 0.0, 0.0, 0.0, 0.0, 2.861E-4
 1, 0, 4.0000000000000003E-7, 2.6E-6, 0.0, 1.0300000000000001E-5, 4.5E-6, 1.1E-6, 3.5E-6, 0.0, 0.0, 0.0, 0.0, 0.0, 9.6E-6, 0.0, 0.0, 0.0, 0.0, 1.915E-4
 1, 0, 2.0000000000000002E-7, 2.2E-6, 0.0, 1.01E-5, 4.1000000000000006E-6, 1.3E-6, 3.4E-6, 0.0, 0.0, 0.0, 0.0, 0.0, 9.7E-6, 0.0, 0.0, 0.0, 0.0, 1.975E-4
 1, 0, 2.0000000000000002E-7, 2.3E-6, 0.0, 2.09E-5, 7.100000000000001E-6, 1.6000000000000001E-6, 3.9E-6, 0.0, 0.0, 0.0, 0.0, 0.0, 1.2100000000000001E-5, 0.0, 0.0, 0.0, 0.0, 2.659E-4
 1, 0, 5.000000000000001E-7, 2.4E-6, 0.0, 1.0700000000000001E-5, 4.4E-6, 1.6000000000000001E-6, 3.2E-6, 0.0, 0.0, 0.0, 0.0, 0.0, 1.02E-5, 0.0, 0.0, 0.0, 0.0, 2.23E-4
 1, 0, 2.0000000000000002E-7, 2.4E-6, 0.0, 1.01E-5, 4.4E-6, 1.2000000000000002E-6, 3.9E-6, 0.0, 0.0, 0.0, 0.0, 0.0, 9.299999999999999E-6, 0.0, 0.0, 0.0, 0.0, 1.961E-4
 1, 0, 4.0000000000000003E-7, 2.3E-6, 0.0, 1.02E-5, 4.6E-6, 1.3E-6, 4.7E-6, 0.0, 0.0, 0.0, 0.0, 0.0, 1.02E-5, 0.0, 0.0, 0.0, 0.0, 4.044E-4
 1, 0, 4.0000000000000003E-7, 2.5E-6, 0.0, 9.9E-6, 4.7E-6, 1.0000000000000002E-6, 3.8E-6, 0.0, 0.0, 0.0, 0.0, 0.0, 9.800000000000001E-6, 0.0, 0.0, 0.0, 0.0, 1.982E-4
 1, 0, 1.0000000000000001E-7, 2.4E-6, 0.0, 9.7E-6, 4.1000000000000006E-6, 1.1E-6, 3.7E-6, 0.0, 0.0, 0.0, 0.0, 0.0, 9.3E-6, 0.0, 0.0, 0.0, 0.0, 1.912E-4
 1, 0, 4.0000000000000003E-7, 2.3E-6, 0.0, 1.08E-5, 5.2E-6, 1.3E-6, 3.8E-6, 0.0, 0.0, 0.0, 0.0, 0.0, 9.800000000000001E-6, 0.0, 0.0, 0.0, 0.0, 2.165E-4
 1, 0, 4.0000000000000003E-7, 2.2E-6, 0.0, 9.5E-6, 4.1000000000000006E-6, 9.000000000000001E-7, 2.39E-5, 0.0, 0.0, 0.0, 0.0, 0.0, 8.9E-6, 0.0, 0.0, 0.0, 0.0, 2.016E-4
 1, 0, 4.0000000000000003E-7, 2.2E-6, 0.0, 1.1000000000000001E-5, 4.9000000000000005E-6, 1.1E-6, 3.6E-6, 0.0, 0.0, 0.0, 0.0, 0.0, 1.03E-5, 0.0, 0.0, 0.0, 0.0, 2.748E-4
 1, 0, 5.000000000000001E-7, 1.7E-6, 0.0, 8.7E-6, 3.6000000000000003E-6, 9.000000000000001E-7, 2.8E-6, 0.0, 0.0, 0.0, 0.0, 0.0, 1.65E-5, 0.0, 0.0, 0.0, 0.0, 3.053E-4
 1, 0, 5.000000000000001E-7, 2.4E-6, 0.0, 1.0E-5, 4.4E-6, 1.2000000000000002E-6, 3.4E-6, 0.0, 0.0, 0.0, 0.0, 0.0, 2.78E-5, 0.0, 0.0, 0.0, 0.0, 2.37E-4
 1, 0, 5.000000000000001E-7, 2.6E-6, 0.0, 9.800000000000001E-6, 4.000000000000001E-6, 1.5E-6, 3.3E-6, 0.0, 0.0, 0.0, 0.0, 0.0, 8.8E-6, 0.0, 0.0, 0.0, 0.0, 2.085E-4
 1, 0, 5.000000000000001E-7, 2.0E-6, 0.0, 1.0E-5, 4.4E-6, 1.2000000000000002E-6, 3.8E-6, 0.0, 0.0, 0.0, 0.0, 0.0, 9.0E-6, 0.0, 0.0, 0.0, 0.0, 1.97E-4
 1, 0, 4.0000000000000003E-7, 1.9E-6, 0.0, 9.4E-6, 4.2000000000000004E-6, 1.1E-6, 3.0E-6, 0.0, 0.0, 0.0, 0.0, 0.0, 8.400000000000001E-6, 0.0, 0.0, 0.0, 0.0, 1.94E-4
 1, 0, 2.0000000000000002E-7, 2.6E-6, 0.0, 9.4E-6, 4.000000000000001E-6, 1.1E-6, 3.0E-6, 0.0, 0.0, 0.0, 0.0, 0.0, 9.600000000000001E-6, 0.0, 0.0, 0.0, 0.0, 2.073E-4
 1, 0, 4.0000000000000003E-7, 1.9E-6, 0.0, 1.01E-5, 4.3E-6, 1.0000000000000002E-6, 3.9E-6, 0.0, 0.0, 0.0, 0.0, 0.0, 1.3000000000000001E-5, 0.0, 0.0, 0.0, 0.0, 2.514E-4
 1, 0, 3.0000000000000004E-7, 2.0E-6, 0.0, 9.100000000000001E-6, 4.2000000000000004E-6, 9.000000000000001E-7, 2.7E-6, 0.0, 0.0, 0.0, 0.0, 0.0, 8.6E-6, 0.0, 0.0, 0.0, 0.0, 1.891E-4
 1, 0, 6.000000000000001E-7, 2.3E-6, 0.0, 9.5E-6, 4.4E-6, 9.000000000000001E-7, 3.2E-6, 0.0, 0.0, 0.0, 0.0, 0.0, 8.3E-6, 0.0, 0.0, 0.0, 0.0, 1.899E-4
 1, 0, 3.0000000000000004E-7, 2.0E-6, 0.0, 9.3E-6, 4.3E-6, 8.000000000000001E-7, 3.0E-6, 0.0, 0.0, 0.0, 0.0, 0.0, 9.0E-6, 0.0, 0.0, 0.0, 0.0, 1.882E-4
 1, 0, 3.0000000000000004E-7, 1.9E-6, 0.0, 9.3E-6, 4.1000000000000006E-6, 9.000000000000001E-7, 2.9E-6, 0.0, 0.0, 0.0, 0.0, 0.0, 8.5E-6, 0.0, 0.0, 0.0, 0.0, 1.769E-4
 1, 0, 4.0000000000000003E-7, 2.5E-6, 0.0, 1.02E-5, 4.9000000000000005E-6, 1.0000000000000002E-6, 3.5E-6, 0.0, 0.0, 0.0, 0.0, 0.0, 9.4E-6, 0.0, 0.0, 0.0, 0.0, 2.13E-4
 1, 0, 3.0000000000000004E-7, 2.3E-6, 0.0, 1.0300000000000001E-5, 4.5E-6, 1.3E-6, 3.5E-6, 0.0, 0.0, 0.0, 0.0, 0.0, 9.6E-6, 0.0, 0.0, 0.0, 0.0, 2.068E-4
 1, 0, 3.0000000000000004E-7, 2.3E-6, 0.0, 8.6E-6, 3.8E-6, 9.000000000000001E-7, 2.16E-5, 0.0, 0.0, 0.0, 0.0, 0.0, 8.2E-6, 0.0, 0.0, 0.0, 0.0, 2.031E-4
 1, 0, 5.000000000000001E-7, 2.5E-6, 0.0, 1.02E-5, 4.5E-6, 1.3E-6, 4.0E-6, 0.0, 0.0, 0.0, 0.0, 0.0, 9.9E-6, 0.0, 0.0, 0.0, 0.0, 2.121E-4
 1, 0, 4.0000000000000003E-7, 2.3E-6, 0.0, 3.83E-5, 7.4E-6, 1.3E-6, 4.7E-6, 0.0, 0.0, 0.0, 0.0, 0.0, 9.8E-6, 0.0, 0.0, 0.0, 0.0, 2.505E-4
 1, 0, 3.0000000000000004E-7, 2.9E-6, 0.0, 1.63E-5, 6.4000000000000006E-6, 1.3E-6, 3.2E-6, 0.0, 0.0, 0.0, 0.0, 0.0, 9.5E-6, 0.0, 0.0, 0.0, 0.0, 2.613E-4
 1, 0, 2.0000000000000002E-7, 2.4E-6, 0.0, 1.04E-5, 4.7E-6, 1.4000000000000001E-6, 3.1E-6, 0.0, 0.0, 0.0, 0.0, 0.0, 9.5E-6, 0.0, 0.0, 0.0, 0.0, 2.184E-4
 1, 0, 5.000000000000001E-7, 6.96E-5, 0.0, 8.350000000000001E-5, 6.300000000000001E-6, 7.13E-5, 4.6E-6, 0.0, 0.0, 0.0, 0.0, 0.0, 1.0899999999999999E-5, 0.0, 0.0, 0.0, 0.0, 7.297E-4
 1, 0, 2.0000000000000002E-7, 2.9E-6, 0.0, 1.0300000000000001E-5, 4.6E-6, 1.3E-6, 3.4E-6, 0.0, 0.0, 0.0, 0.0, 0.0, 9.5E-6, 0.0, 0.0, 0.0, 0.0, 2.317E-4
 1, 0, 4.0000000000000003E-7, 2.7E-6, 0.0, 1.06E-5, 4.9000000000000005E-6, 1.0000000000000002E-6, 3.5E-6, 0.0, 0.0, 0.0, 0.0, 0.0, 9.8E-6, 0.0, 0.0, 0.0, 0.0, 2.531E-4
 1, 0, 4.0000000000000003E-7, 2.6E-6, 0.0, 1.01E-5, 4.1000000000000006E-6, 1.3E-6, 3.6E-6, 0.0, 0.0, 0.0, 0.0, 0.0, 1.04E-5, 0.0, 0.0, 0.0, 0.0, 2.172E-4
 1, 0, 4.0000000000000003E-7, 2.5E-6, 0.0, 1.04E-5, 4.5E-6, 1.3E-6, 3.3E-6, 0.0, 0.0, 0.0, 0.0, 0.0, 9.7E-6, 0.0, 0.0, 0.0, 0.0, 2.078E-4
 1, 0, 4.0000000000000003E-7, 2.0E-6, 0.0, 9.3E-6, 4.5E-6, 9.000000000000001E-7, 3.5E-6, 0.0, 0.0, 0.0, 0.0, 0.0, 8.4E-6, 0.0, 0.0, 0.0, 0.0, 1.917E-4
 1, 0, 3.0000000000000004E-7, 2.1E-6, 0.0, 9.5E-6, 4.4E-6, 1.0000000000000002E-6, 2.6E-6, 0.0, 0.0, 0.0, 0.0, 0.0, 8.1E-6, 0.0, 0.0, 0.0, 0.0, 1.772E-4
 1, 0, 2.0000000000000002E-7, 2.6E-6, 0.0, 1.0300000000000001E-5, 4.6E-6, 1.4000000000000001E-6, 3.1E-6, 0.0, 0.0, 0.0, 0.0, 0.0, 9.7E-6, 0.0, 0.0, 0.0, 0.0, 2.062E-4
 1, 0, 4.0000000000000003E-7, 2.0E-6, 0.0, 9.3E-6, 3.8E-6, 1.1E-6, 2.9E-6, 0.0, 0.0, 0.0, 0.0, 0.0, 8.2E-6, 0.0, 0.0, 0.0, 0.0, 1.831E-4
 1, 0, 2.0000000000000002E-7, 2.3E-6, 0.0, 1.01E-5, 4.6E-6, 1.2000000000000002E-6, 3.6E-6, 0.0, 0.0, 0.0, 0.0, 0.0, 9.600000000000001E-6, 0.0, 0.0, 0.0, 0.0, 2.409E-4
 1, 0, 3.0000000000000004E-7, 2.0E-6, 0.0, 8.400000000000001E-6, 3.8E-6, 1.0000000000000002E-6, 2.5E-6, 0.0, 0.0, 0.0, 0.0, 0.0, 8.1E-6, 0.0, 0.0, 0.0, 0.0, 1.78E-4
 1, 0, 2.0000000000000002E-7, 1.7E-6, 0.0, 7.2000000000000005E-6, 3.4E-6, 8.000000000000001E-7, 2.6E-6, 0.0, 0.0, 0.0, 0.0, 0.0, 6.9E-6, 0.0, 0.0, 0.0, 0.0, 1.441E-4
 1, 0, 1.0000000000000001E-7, 1.5E-6, 0.0, 6.300000000000001E-6, 2.4000000000000003E-6, 9.000000000000001E-7, 2.5E-6, 0.0, 0.0, 0.0, 0.0, 0.0, 5.4E-6, 0.0, 0.0, 0.0, 0.0, 1.248E-4
 1, 0, 2.0000000000000002E-7, 1.4E-6, 0.0, 5.9E-6, 2.7E-6, 8.000000000000001E-7, 2.0E-6, 0.0, 0.0, 0.0, 0.0, 0.0, 6.0E-6, 0.0, 0.0, 0.0, 0.0, 1.224E-4
 1, 0, 2.0000000000000002E-7, 1.4E-6, 0.0, 6.1E-6, 3.0E-6, 7.000000000000001E-7, 2.4E-6, 0.0, 0.0, 0.0, 0.0, 0.0, 6.3E-6, 0.0, 0.0, 0.0, 0.0, 1.266E-4
 1, 0, 5.000000000000001E-7, 1.6E-6, 0.0, 6.6E-6, 3.2000000000000003E-6, 7.000000000000001E-7, 2.2E-6, 0.0, 0.0, 0.0, 0.0, 0.0, 6.7E-6, 0.0, 0.0, 0.0, 0.0, 1.489E-4
 1, 0, 2.0000000000000002E-7, 1.3E-6, 0.0, 5.8E-6, 2.4000000000000003E-6, 7.000000000000001E-7, 2.8E-6, 0.0, 0.0, 0.0, 0.0, 0.0, 6.0E-6, 0.0, 0.0, 0.0, 0.0, 1.447E-4
 1, 0, 3.0000000000000004E-7, 2.0E-6, 0.0, 8.000000000000001E-6, 3.9E-6, 9.000000000000001E-7, 2.4E-6, 0.0, 0.0, 0.0, 0.0, 0.0, 7.7E-6, 0.0, 0.0, 0.0, 0.0, 1.6E-4
 1, 0, 2.0000000000000002E-7, 1.8E-6, 0.0, 1.01E-5, 4.2000000000000004E-6, 1.0000000000000002E-6, 3.2E-6, 0.0, 0.0, 0.0, 0.0, 0.0, 8.7E-6, 0.0, 0.0, 0.0, 0.0, 1.85E-4
 1, 0, 2.0000000000000002E-7, 2.9E-6, 0.0, 1.09E-5, 4.800000000000001E-6, 1.1E-6, 4.3E-6, 0.0, 0.0, 0.0, 0.0, 0.0, 9.6E-6, 0.0, 0.0, 0.0, 0.0, 3.123E-4
 1, 0, 3.0000000000000004E-7, 2.1E-6, 0.0, 8.900000000000001E-6, 3.8E-6, 1.1E-6, 2.8E-6, 0.0, 0.0, 0.0, 0.0, 0.0, 8.2E-6, 0.0, 0.0, 0.0, 0.0, 1.823E-4
 1, 0, 3.0000000000000004E-7, 2.7E-6, 0.0, 1.08E-5, 5.2E-6, 1.1E-6, 3.1E-6, 0.0, 0.0, 0.0, 0.0, 0.0, 1.08E-5, 0.0, 0.0, 0.0, 0.0, 2.376E-4
 1, 0, 2.0000000000000002E-7, 2.4E-6, 0.0, 9.3E-6, 4.6E-6, 1.0000000000000002E-6, 2.7E-6, 0.0, 0.0, 0.0, 0.0, 0.0, 8.1E-6, 0.0, 0.0, 0.0, 0.0, 1.803E-4
 1, 0, 5.000000000000001E-7, 2.5E-6, 0.0, 1.0500000000000001E-5, 4.7E-6, 1.1E-6, 3.6E-6, 0.0, 0.0, 0.0, 0.0, 0.0, 9.9E-6, 0.0, 0.0, 0.0, 0.0, 2.413E-4
 1, 0, 5.000000000000001E-7, 3.1E-6, 0.0, 1.22E-5, 5.9E-6, 1.2000000000000002E-6, 4.3E-6, 0.0, 0.0, 0.0, 0.0, 0.0, 9.6E-6, 0.0, 0.0, 0.0, 0.0, 3.319E-4
 1, 0, 4.0000000000000003E-7, 2.8E-6, 0.0, 1.01E-5, 4.3E-6, 1.3E-6, 3.2E-6, 0.0, 0.0, 0.0, 0.0, 0.0, 1.08E-5, 0.0, 0.0, 0.0, 0.0, 2.277E-4
 1, 0, 4.0000000000000003E-7, 2.8E-6, 0.0, 1.04E-5, 4.6E-6, 1.2000000000000002E-6, 3.8E-6, 0.0, 0.0, 0.0, 0.0, 0.0, 9.7E-6, 0.0, 0.0, 0.0, 0.0, 2.213E-4
 1, 0, 4.0000000000000003E-7, 2.6E-6, 0.0, 9.5E-6, 4.1000000000000006E-6, 1.1E-6, 3.3E-6, 0.0, 0.0, 0.0, 0.0, 0.0, 9.800000000000001E-6, 0.0, 0.0, 0.0, 0.0, 2.038E-4
 